TIR_DC1_1_x6,model_3,2.03,71.74,0.4692,0.1724,0.2141,137,94,1,TIR_DC1_1_x6_model_3_multimer_v2_p1_230104_019873,4
TIR_DC1_1_x6,model_5,2.65,63.66,0.3331,0.1239,0.0482,88,60,2,TIR_DC1_1_x6_model_5_multimer_v2_p1_230104_019873,4
TIR_DC1_1_x6,model_2,4.33,63.44,0.3245,0.126,0.0348,56,36,3,TIR_DC1_1_x6_model_2_multimer_v2_p1_230104_019873,6
TIR_DC1_1_x6,model_4,0.83,65.21,0.2822,0.0996,0.0066,33,19,4,TIR_DC1_1_x6_model_4_multimer_v2_p1_230104_019873,6
TIR_DC1_1_x6,model_1,3.07,66.07,0.2751,0.1819,0.0241,105,261,5,TIR_DC1_1_x6_model_1_multimer_v2_p1_230104_019873,4
TIR_DC1_trim_1_x6,model_3,0.55,69.74,0.459,0.2114,0.3069,195,157,1,TIR_DC1_trim_1_x6_model_3_multimer_v2_p1_230104_553364,2
TIR_DC1_trim_1_x6,model_5,2.18,66.25,0.3709,0.1312,0.091,130,101,2,TIR_DC1_trim_1_x6_model_5_multimer_v2_p1_230104_553364,1
TIR_DC1_trim_1_x6,model_2,3.72,61.3,0.2861,0.034,6e-04,20,14,3,TIR_DC1_trim_1_x6_model_2_multimer_v2_p1_230104_553364,6
TIR_DC1_trim_1_x6,model_4,0.92,64.53,0.2792,0.1289,0.0124,57,65,4,TIR_DC1_trim_1_x6_model_4_multimer_v2_p1_230104_553364,2
TIR_DC1_trim_1_x6,model_1,1.9,67,0.2782,0.1791,0.0306,122,344,5,TIR_DC1_trim_1_x6_model_1_multimer_v2_p1_230104_553364,4
TIR_DC1_2_x6,model_5,10.15,71.18,0.3284,0.1852,0.1623,82,54,1,TIR_DC1_2_x6_model_5_multimer_v2_p1_230104_501695,3
TIR_DC1_2_x6,model_1,4.13,74.56,0.3007,0,0,0,0,2,TIR_DC1_2_x6_model_1_multimer_v2_p1_230104_501695,6
TIR_DC1_2_x6,model_3,8.56,63.98,0.2897,0.1195,0.0528,38,22,3,TIR_DC1_2_x6_model_3_multimer_v2_p1_230104_501695,6
TIR_DC1_2_x6,model_2,33.84,62.44,0.2805,0.2164,0.0731,147,303,4,TIR_DC1_2_x6_model_2_multimer_v2_p1_230104_501695,4
TIR_DC1_2_x6,model_4,6.12,67.33,0.2701,0.0014,0,2,1,5,TIR_DC1_2_x6_model_4_multimer_v2_p1_230104_501695,6
TIR_DC1_trim_2_x6,model_5,18.27,70.44,0.2874,0.0664,0.0023,22,14,1,TIR_DC1_trim_2_x6_model_5_multimer_v2_p1_230104_244513,6
TIR_DC1_trim_2_x6,model_1,10.38,70.19,0.2846,0.108,0.0117,30,16,2,TIR_DC1_trim_2_x6_model_1_multimer_v2_p1_230104_244513,5
TIR_DC1_trim_2_x6,model_3,4.96,61.91,0.2818,0.3019,0.3099,395,1129,3,TIR_DC1_trim_2_x6_model_3_multimer_v2_p1_230104_244513,3
TIR_DC1_trim_2_x6,model_4,3.41,71.65,0.2817,0,0,0,0,4,TIR_DC1_trim_2_x6_model_4_multimer_v2_p1_230104_244513,6
TIR_DC1_trim_2_x6,model_2,21.18,63.68,0.2785,0.2648,0.023,71,108,5,TIR_DC1_trim_2_x6_model_2_multimer_v2_p1_230104_244513,4
TIR_DC1_3_x6,model_3,5.23,69.5,0.3229,0.1885,0.2486,172,164,1,TIR_DC1_3_x6_model_3_multimer_v2_p1_230104_305396,3
TIR_DC1_3_x6,model_1,6.58,69.4,0.2864,0.2559,0.0371,105,185,2,TIR_DC1_3_x6_model_1_multimer_v2_p1_230104_305396,3
TIR_DC1_3_x6,model_5,3.67,66.64,0.2859,0.1743,0.025,75,123,3,TIR_DC1_3_x6_model_5_multimer_v2_p1_230104_305396,1
TIR_DC1_3_x6,model_4,1.06,67.06,0.2764,0.1251,0.0053,35,30,4,TIR_DC1_3_x6_model_4_multimer_v2_p1_230104_305396,6
TIR_DC1_3_x6,model_2,4.62,62.78,0.274,0.0132,3e-04,12,7,5,TIR_DC1_3_x6_model_2_multimer_v2_p1_230104_305396,6
TIR_DC1_trim_3_x6,model_3,3.85,69.19,0.3128,0.168,0.1042,93,70,1,TIR_DC1_trim_3_x6_model_3_multimer_v2_p1_230104_674495,3
TIR_DC1_trim_3_x6,model_5,2.4,66.56,0.287,0.1708,0.0315,89,155,2,TIR_DC1_trim_3_x6_model_5_multimer_v2_p1_230104_674495,1
TIR_DC1_trim_3_x6,model_1,5.93,70.83,0.2869,0.1973,0.0355,114,374,3,TIR_DC1_trim_3_x6_model_1_multimer_v2_p1_230104_674495,2
TIR_DC1_trim_3_x6,model_4,0.69,67.93,0.2809,0,0,0,0,4,TIR_DC1_trim_3_x6_model_4_multimer_v2_p1_230104_674495,6
TIR_DC1_trim_3_x6,model_2,12.6,61.87,0.2712,0.184,0.0145,53,70,5,TIR_DC1_trim_3_x6_model_2_multimer_v2_p1_230104_674495,4
TIR_DC1_4_x6,model_4,1.99,67.19,0.4442,0.1957,0.3037,194,175,1,TIR_DC1_4_x6_model_4_multimer_v2_p1_230104_905012,1
TIR_DC1_4_x6,model_2,10.35,67.35,0.3194,0.2221,0.0915,70,59,2,TIR_DC1_4_x6_model_2_multimer_v2_p1_230104_905012,5
TIR_DC1_4_x6,model_1,9.67,72.33,0.304,0.0137,4e-04,14,10,3,TIR_DC1_4_x6_model_1_multimer_v2_p1_230104_905012,6
TIR_DC1_4_x6,model_3,5.69,65.33,0.3034,0.1291,0.0636,61,47,4,TIR_DC1_4_x6_model_3_multimer_v2_p1_230104_905012,3
TIR_DC1_4_x6,model_5,20.16,67.02,0.2986,0.2484,0.0917,150,288,5,TIR_DC1_4_x6_model_5_multimer_v2_p1_230104_905012,3
TIR_DC1_trim_4_x6,model_1,1.88,77.4,0.4382,0.1724,0.2144,130,137,1,TIR_DC1_trim_4_x6_model_1_multimer_v2_p1_230104_273388,1
TIR_DC1_trim_4_x6,model_2,6.4,67.9,0.3766,0.0859,0.0114,29,18,2,TIR_DC1_trim_4_x6_model_2_multimer_v2_p1_230104_273388,6
TIR_DC1_trim_4_x6,model_5,7.21,70.17,0.3713,0.2084,0.0755,86,127,3,TIR_DC1_trim_4_x6_model_5_multimer_v2_p1_230104_273388,5
TIR_DC1_trim_4_x6,model_3,6.97,69.06,0.323,0.1235,0.0175,37,31,4,TIR_DC1_trim_4_x6_model_3_multimer_v2_p1_230104_273388,4
TIR_DC1_trim_4_x6,model_4,2,66.07,0.2692,0,0,0,0,5,TIR_DC1_trim_4_x6_model_4_multimer_v2_p1_230104_273388,6
TIR_DC1_5_x6,model_4,0.61,69.42,0.3572,0.132,0.0551,50,37,1,TIR_DC1_5_x6_model_4_multimer_v2_p1_230104_951516,6
TIR_DC1_5_x6,model_3,2.59,68.89,0.349,0.1208,0.0546,104,74,2,TIR_DC1_5_x6_model_3_multimer_v2_p1_230104_951516,3
TIR_DC1_5_x6,model_1,1.75,67.31,0.3151,0.1113,0.01,30,18,3,TIR_DC1_5_x6_model_1_multimer_v2_p1_230104_951516,6
TIR_DC1_5_x6,model_5,7.99,65.52,0.3097,0.1109,0.0365,65,49,4,TIR_DC1_5_x6_model_5_multimer_v2_p1_230104_951516,4
TIR_DC1_5_x6,model_2,2.74,64.12,0.2846,0.0028,1e-04,4,2,5,TIR_DC1_5_x6_model_2_multimer_v2_p1_230104_951516,6
TIR_DC1_trim_5_x6,model_2,17.51,65.77,0.3621,0.1955,0.2252,133,103,1,TIR_DC1_trim_5_x6_model_2_multimer_v2_p1_230104_488350,3
TIR_DC1_trim_5_x6,model_4,3.12,68.72,0.3305,0.0057,4e-04,8,4,2,TIR_DC1_trim_5_x6_model_4_multimer_v2_p1_230104_488350,6
TIR_DC1_trim_5_x6,model_3,6.53,68.17,0.3244,0.1091,0.0435,85,62,3,TIR_DC1_trim_5_x6_model_3_multimer_v2_p1_230104_488350,4
TIR_DC1_trim_5_x6,model_5,10.68,63.19,0.314,0.2324,0.0727,120,230,4,TIR_DC1_trim_5_x6_model_5_multimer_v2_p1_230104_488350,3
TIR_DC1_trim_5_x6,model_1,9.22,66.85,0.2832,0.0156,2e-04,12,8,5,TIR_DC1_trim_5_x6_model_1_multimer_v2_p1_230104_488350,6
TIR_DC1_6_x6,model_2,1.2,64.94,0.3345,0.2338,0.3884,123,102,1,TIR_DC1_6_x6_model_2_multimer_v2_p1_230104_686232,3
TIR_DC1_6_x6,model_3,3.63,65.54,0.291,0.0775,0.0285,35,21,2,TIR_DC1_6_x6_model_3_multimer_v2_p1_230104_686232,6
TIR_DC1_6_x6,model_1,6.02,68.17,0.29,0.1938,0.1651,49,38,3,TIR_DC1_6_x6_model_1_multimer_v2_p1_230104_686232,3
TIR_DC1_6_x6,model_5,14.42,62.31,0.2718,0,0,0,0,4,TIR_DC1_6_x6_model_5_multimer_v2_p1_230104_686232,6
TIR_DC1_6_x6,model_4,3.87,65.81,0.2708,0,0,0,0,5,TIR_DC1_6_x6_model_4_multimer_v2_p1_230104_686232,6
TIR_DC1_trim_6_x6,model_4,0.32,70.01,0.3649,0.2223,0.246,77,64,1,TIR_DC1_trim_6_x6_model_4_multimer_v2_p1_230104_355001,3
TIR_DC1_trim_6_x6,model_3,2.57,70.68,0.3173,0.2342,0.4182,144,131,2,TIR_DC1_trim_6_x6_model_3_multimer_v2_p1_230104_355001,3
TIR_DC1_trim_6_x6,model_5,11.64,63.96,0.2879,0.2015,0.2169,85,57,3,TIR_DC1_trim_6_x6_model_5_multimer_v2_p1_230104_355001,3
TIR_DC1_trim_6_x6,model_1,2.79,66.74,0.277,0,0,0,0,4,TIR_DC1_trim_6_x6_model_1_multimer_v2_p1_230104_355001,6
TIR_DC1_trim_6_x6,model_2,6.77,63.41,0.2742,0,0,0,0,5,TIR_DC1_trim_6_x6_model_2_multimer_v2_p1_230104_355001,6
TIR_DC4_1_x6,model_1,0.09,90.55,0.8097,0.7444,0.7943,198,258,1,TIR_DC4_1_x6_model_1_multimer_v2_p1_230105_719875,1
TIR_DC4_1_x6,model_4,0.08,86.28,0.7551,0.6762,0.6987,194,250,2,TIR_DC4_1_x6_model_4_multimer_v2_p1_230105_719875,1
TIR_DC4_1_x6,model_3,0.08,84.87,0.7189,0.6741,0.7146,204,244,3,TIR_DC4_1_x6_model_3_multimer_v2_p1_230105_719875,1
TIR_DC4_1_x6,model_5,0.05,83.08,0.7012,0.6393,0.6512,185,226,4,TIR_DC4_1_x6_model_5_multimer_v2_p1_230105_719875,1
TIR_DC4_1_x6,model_2,0.05,80.5,0.5656,0.4845,0.4262,158,165,5,TIR_DC4_1_x6_model_2_multimer_v2_p1_230105_719875,2
TIR_DC4_2_x6,model_4,0.1,87.73,0.7942,0.6884,0.7247,197,218,1,TIR_DC4_2_x6_model_4_multimer_v2_p1_230105_062215,1
TIR_DC4_2_x6,model_3,0.07,86.54,0.7502,0.6671,0.7061,188,208,2,TIR_DC4_2_x6_model_3_multimer_v2_p1_230105_062215,1
TIR_DC4_2_x6,model_2,0.06,82.56,0.6597,0.5753,0.5754,184,201,3,TIR_DC4_2_x6_model_2_multimer_v2_p1_230105_062215,1
TIR_DC4_2_x6,model_1,0.47,72.72,0.3255,0.1728,0.0629,67,53,4,TIR_DC4_2_x6_model_1_multimer_v2_p1_230105_062215,4
TIR_DC4_2_x6,model_5,1.56,71.6,0.2871,0.1524,0.0465,55,50,5,TIR_DC4_2_x6_model_5_multimer_v2_p1_230105_062215,4
TIR_DC4_3_x6,model_1,0.09,89.21,0.7849,0.7085,0.7374,169,198,1,TIR_DC4_3_x6_model_1_multimer_v2_p1_230105_194368,1
TIR_DC4_3_x6,model_4,0.08,87.99,0.7792,0.6976,0.7282,172,205,2,TIR_DC4_3_x6_model_4_multimer_v2_p1_230105_194368,1
TIR_DC4_3_x6,model_3,0.09,81.66,0.6149,0.5344,0.5292,152,162,3,TIR_DC4_3_x6_model_3_multimer_v2_p1_230105_194368,1
TIR_DC4_3_x6,model_5,0.05,80.84,0.6018,0.5363,0.5379,153,168,4,TIR_DC4_3_x6_model_5_multimer_v2_p1_230105_194368,1
TIR_DC4_3_x6,model_2,15.57,77.51,0.4141,0.2906,0.2193,86,67,5,TIR_DC4_3_x6_model_2_multimer_v2_p1_230105_194368,5
TIR_DC4_4_x6,model_1,2.83,75.74,0.3002,0.1358,0.0309,54,37,1,TIR_DC4_4_x6_model_1_multimer_v2_p1_230105_579208,6
TIR_DC4_4_x6,model_3,1.89,63.91,0.2844,0.144,0.0165,39,26,2,TIR_DC4_4_x6_model_3_multimer_v2_p1_230105_579208,6
TIR_DC4_4_x6,model_4,1.07,66.11,0.2758,0.1273,0.0261,50,33,3,TIR_DC4_4_x6_model_4_multimer_v2_p1_230105_579208,6
TIR_DC4_4_x6,model_5,0.27,59.12,0.2687,0.1511,0.0442,83,65,4,TIR_DC4_4_x6_model_5_multimer_v2_p1_230105_579208,4
TIR_DC4_4_x6,model_2,15.71,70.4,0.2663,0.0733,0.0017,23,21,5,TIR_DC4_4_x6_model_2_multimer_v2_p1_230105_579208,5
TIR_DC4_5_x6,model_1,0.09,89.34,0.8133,0.7723,0.8072,225,296,1,TIR_DC4_5_x6_model_1_multimer_v2_p1_230105_991331,1
TIR_DC4_5_x6,model_3,0.08,85.71,0.7712,0.7278,0.7721,204,253,2,TIR_DC4_5_x6_model_3_multimer_v2_p1_230105_991331,1
TIR_DC4_5_x6,model_4,0.08,84.49,0.7382,0.6971,0.7304,231,322,3,TIR_DC4_5_x6_model_4_multimer_v2_p1_230105_991331,1
TIR_DC4_5_x6,model_5,0.09,82.23,0.7078,0.668,0.6956,215,271,4,TIR_DC4_5_x6_model_5_multimer_v2_p1_230105_991331,1
TIR_DC4_5_x6,model_2,0.84,72.16,0.2988,0.1831,0.0398,55,41,5,TIR_DC4_5_x6_model_2_multimer_v2_p1_230105_991331,5
TIR_DC4_6_x6,model_1,0.05,90.61,0.83,0.7621,0.8058,198,255,1,TIR_DC4_6_x6_model_1_multimer_v2_p1_230105_651092,1
TIR_DC4_6_x6,model_4,0.07,87.28,0.7836,0.6969,0.738,187,230,2,TIR_DC4_6_x6_model_4_multimer_v2_p1_230105_651092,1
TIR_DC4_6_x6,model_3,0.1,85.31,0.7354,0.6794,0.7197,189,231,3,TIR_DC4_6_x6_model_3_multimer_v2_p1_230105_651092,1
TIR_DC4_6_x6,model_2,0.06,82.36,0.6641,0.6191,0.617,170,196,4,TIR_DC4_6_x6_model_2_multimer_v2_p1_230105_651092,1
TIR_DC4_6_x6,model_5,0.08,80.97,0.6551,0.598,0.6261,185,225,5,TIR_DC4_6_x6_model_5_multimer_v2_p1_230105_651092,1
TIR_DC4_7_x6,model_1,0.07,90.11,0.8555,0.7941,0.8421,197,256,1,TIR_DC4_7_x6_model_1_multimer_v2_p1_230105_973414,1
TIR_DC4_7_x6,model_4,0.09,88.53,0.8313,0.7774,0.8221,196,270,2,TIR_DC4_7_x6_model_4_multimer_v2_p1_230105_973414,1
TIR_DC4_7_x6,model_3,0.05,87.35,0.8132,0.7646,0.8097,207,282,3,TIR_DC4_7_x6_model_3_multimer_v2_p1_230105_973414,1
TIR_DC4_7_x6,model_5,0.08,82.93,0.7264,0.6706,0.6937,193,263,4,TIR_DC4_7_x6_model_5_multimer_v2_p1_230105_973414,1
TIR_DC4_7_x6,model_2,0.06,83.2,0.6246,0.5581,0.6117,197,249,5,TIR_DC4_7_x6_model_2_multimer_v2_p1_230105_973414,1
TIR_DC4_9_x6,model_4,0.05,92.94,0.8984,0.8401,0.8742,188,256,1,TIR_DC4_9_x6_model_4_multimer_v2_p1_230105_403955,1
TIR_DC4_9_x6,model_3,0.07,93.41,0.8886,0.8377,0.8726,196,263,2,TIR_DC4_9_x6_model_3_multimer_v2_p1_230105_403955,1
TIR_DC4_9_x6,model_1,0.24,85.08,0.4503,0.3124,0.4776,104,121,3,TIR_DC4_9_x6_model_1_multimer_v2_p1_230105_403955,1
TIR_DC4_9_x6,model_5,0.26,76.93,0.3898,0.2858,0.3824,94,97,4,TIR_DC4_9_x6_model_5_multimer_v2_p1_230105_403955,2
TIR_DC4_9_x6,model_2,0.9,68.09,0.2689,0.1615,0.0672,29,23,5,TIR_DC4_9_x6_model_2_multimer_v2_p1_230105_403955,5
TIR_DC4_10_x6,model_1,0.15,92.45,0.8757,0.8185,0.8617,202,265,1,TIR_DC4_10_x6_model_1_multimer_v2_p1_230105_900311,1
TIR_DC4_10_x6,model_4,0.08,90.07,0.8389,0.7906,0.8381,212,279,2,TIR_DC4_10_x6_model_4_multimer_v2_p1_230105_900311,1
TIR_DC4_10_x6,model_3,0.07,88.1,0.8056,0.7626,0.8087,196,252,3,TIR_DC4_10_x6_model_3_multimer_v2_p1_230105_900311,1
TIR_DC4_10_x6,model_2,0.1,86.34,0.7764,0.7456,0.7788,194,229,4,TIR_DC4_10_x6_model_2_multimer_v2_p1_230105_900311,1
TIR_DC4_10_x6,model_5,0.1,85.41,0.7526,0.7203,0.7407,196,253,5,TIR_DC4_10_x6_model_5_multimer_v2_p1_230105_900311,1
TIR_DC4_11_x6,model_1,0.09,88.64,0.8056,0.7716,0.8122,211,266,1,TIR_DC4_11_x6_model_1_multimer_v2_p1_230105_954567,1
TIR_DC4_11_x6,model_3,0.08,83.1,0.7347,0.713,0.7608,186,244,2,TIR_DC4_11_x6_model_3_multimer_v2_p1_230105_954567,1
TIR_DC4_11_x6,model_2,0.18,76.54,0.5806,0.5376,0.5659,172,200,3,TIR_DC4_11_x6_model_2_multimer_v2_p1_230105_954567,1
TIR_DC4_11_x6,model_4,0.33,69.62,0.3157,0.1219,0.0607,57,35,4,TIR_DC4_11_x6_model_4_multimer_v2_p1_230105_954567,6
TIR_DC4_11_x6,model_5,0.36,67.18,0.3112,0.2222,0.1364,142,114,5,TIR_DC4_11_x6_model_5_multimer_v2_p1_230105_954567,1
TIR_DC3_trim_R_1_x6,model_1,2.35,74.87,0.7332,0.8562,0.8922,274,328,1,TIR_DC3_trim_R_1_x6_model_1_multimer_v2_p1_230104_444464,1
TIR_DC3_trim_R_1_x6,model_5,2.77,73.58,0.7331,0.9023,0.9362,218,249,2,TIR_DC3_trim_R_1_x6_model_5_multimer_v2_p1_230104_444464,1
TIR_DC3_trim_R_1_x6,model_2,0.88,74.43,0.7238,0.902,0.9301,197,255,3,TIR_DC3_trim_R_1_x6_model_2_multimer_v2_p1_230104_444464,1
TIR_DC3_trim_R_1_x6,model_3,2.84,74.28,0.7179,0.8106,0.8584,271,323,4,TIR_DC3_trim_R_1_x6_model_3_multimer_v2_p1_230104_444464,1
TIR_DC3_trim_R_1_x6,model_4,3.31,72.52,0.7096,0.8429,0.874,228,246,5,TIR_DC3_trim_R_1_x6_model_4_multimer_v2_p1_230104_444464,1
TIR_DC3_trim_R_2_x6,model_4,0.56,78.74,0.741,0.776,0.8483,231,270,1,TIR_DC3_trim_R_2_x6_model_4_multimer_v2_p1_230104_687416,1
TIR_DC3_trim_R_2_x6,model_1,0.75,79.58,0.7277,0.7425,0.8278,222,233,2,TIR_DC3_trim_R_2_x6_model_1_multimer_v2_p1_230104_687416,1
TIR_DC3_trim_R_2_x6,model_5,0.73,76.19,0.7272,0.7806,0.8508,193,232,3,TIR_DC3_trim_R_2_x6_model_5_multimer_v2_p1_230104_687416,1
TIR_DC3_trim_R_2_x6,model_2,0.74,75.82,0.6556,0.6896,0.7673,211,264,4,TIR_DC3_trim_R_2_x6_model_2_multimer_v2_p1_230104_687416,1
TIR_DC3_trim_R_2_x6,model_3,0.75,72.07,0.5866,0.5814,0.6602,249,279,5,TIR_DC3_trim_R_2_x6_model_3_multimer_v2_p1_230104_687416,1
TIR_DC3_trim_R_3_x6,model_4,1.85,73.32,0.7368,0.8906,0.9222,184,224,1,TIR_DC3_trim_R_3_x6_model_4_multimer_v2_p1_230105_931734,1
TIR_DC3_trim_R_3_x6,model_2,3.36,75.18,0.7361,0.8314,0.851,200,214,2,TIR_DC3_trim_R_3_x6_model_2_multimer_v2_p1_230105_931734,1
TIR_DC3_trim_R_3_x6,model_5,2.44,74.66,0.7346,0.9061,0.9373,186,207,3,TIR_DC3_trim_R_3_x6_model_5_multimer_v2_p1_230105_931734,1
TIR_DC3_trim_R_3_x6,model_3,4.03,74,0.73,0.8826,0.9105,190,212,4,TIR_DC3_trim_R_3_x6_model_3_multimer_v2_p1_230105_931734,1
TIR_DC3_trim_R_3_x6,model_1,1.99,73.58,0.7282,0.8926,0.9325,191,223,5,TIR_DC3_trim_R_3_x6_model_1_multimer_v2_p1_230105_931734,1
TIR_DC3_trim_R_4_x6,model_2,10.91,73.19,0.6896,0.8845,0.9284,174,215,1,TIR_DC3_trim_R_4_x6_model_2_multimer_v2_p1_230105_500919,1
TIR_DC3_trim_R_4_x6,model_5,3.59,71.41,0.6816,0.8697,0.9206,158,194,2,TIR_DC3_trim_R_4_x6_model_5_multimer_v2_p1_230105_500919,1
TIR_DC3_trim_R_4_x6,model_1,2.59,71.3,0.6752,0.8172,0.8858,174,204,3,TIR_DC3_trim_R_4_x6_model_1_multimer_v2_p1_230105_500919,1
TIR_DC3_trim_R_4_x6,model_4,2.88,70.4,0.6496,0.8101,0.8776,156,192,4,TIR_DC3_trim_R_4_x6_model_4_multimer_v2_p1_230105_500919,1
TIR_DC3_trim_R_4_x6,model_3,5.37,69.92,0.6364,0.7502,0.845,172,207,5,TIR_DC3_trim_R_4_x6_model_3_multimer_v2_p1_230105_500919,1
TIR_DC3_trim_R_5_x6,model_4,1.18,75.85,0.7205,0.8153,0.8839,194,232,1,TIR_DC3_trim_R_5_x6_model_4_multimer_v2_p1_230104_369897,1
TIR_DC3_trim_R_5_x6,model_3,2.15,75.15,0.7045,0.7672,0.8437,191,206,2,TIR_DC3_trim_R_5_x6_model_3_multimer_v2_p1_230104_369897,1
TIR_DC3_trim_R_5_x6,model_5,1.39,75.32,0.701,0.758,0.8248,255,284,3,TIR_DC3_trim_R_5_x6_model_5_multimer_v2_p1_230104_369897,1
TIR_DC3_trim_R_5_x6,model_1,1.34,72.91,0.689,0.7406,0.8216,207,224,4,TIR_DC3_trim_R_5_x6_model_1_multimer_v2_p1_230104_369897,1
TIR_DC3_trim_R_5_x6,model_2,0.95,72.89,0.6379,0.7076,0.7758,230,253,5,TIR_DC3_trim_R_5_x6_model_2_multimer_v2_p1_230104_369897,1
TIR_DC3_trim_R_6_x6,model_3,10.26,46.74,0.2109,0.2498,0.5152,111,118,1,TIR_DC3_trim_R_6_x6_model_3_multimer_v2_p1_230104_932399,3
TIR_DC3_trim_R_6_x6,model_4,11.07,40.46,0.1996,0.1442,0.1866,106,112,2,TIR_DC3_trim_R_6_x6_model_4_multimer_v2_p1_230104_932399,2
TIR_DC3_trim_R_6_x6,model_2,26.29,37.33,0.1882,0.2248,0.3323,95,82,3,TIR_DC3_trim_R_6_x6_model_2_multimer_v2_p1_230104_932399,3
TIR_DC3_trim_R_6_x6,model_5,10.64,38.48,0.1784,0.1525,0.0422,56,45,4,TIR_DC3_trim_R_6_x6_model_5_multimer_v2_p1_230104_932399,5
TIR_DC3_trim_R_6_x6,model_1,4.79,35.07,0.1742,0.1387,0.0573,76,76,5,TIR_DC3_trim_R_6_x6_model_1_multimer_v2_p1_230104_932399,2
TIR_DC3_trim_R_7_x6,model_1,1.6,67.49,0.6423,0.7375,0.8143,231,286,1,TIR_DC3_trim_R_7_x6_model_1_multimer_v2_p1_230104_805085,1
TIR_DC3_trim_R_7_x6,model_4,2.17,63.37,0.5462,0.5851,0.65,233,276,2,TIR_DC3_trim_R_7_x6_model_4_multimer_v2_p1_230104_805085,1
TIR_DC3_trim_R_7_x6,model_5,1.84,58.28,0.4034,0.4084,0.4495,250,279,3,TIR_DC3_trim_R_7_x6_model_5_multimer_v2_p1_230104_805085,1
TIR_DC3_trim_R_7_x6,model_2,8.53,55.41,0.3212,0.2978,0.2774,214,267,4,TIR_DC3_trim_R_7_x6_model_2_multimer_v2_p1_230104_805085,1
TIR_DC3_trim_R_7_x6,model_3,2.49,52.47,0.2636,0.2547,0.1542,151,145,5,TIR_DC3_trim_R_7_x6_model_3_multimer_v2_p1_230104_805085,1
TIR_DC3_trim_R_8_x6,model_5,6.07,68.3,0.6416,0.8191,0.8936,162,187,1,TIR_DC3_trim_R_8_x6_model_5_multimer_v2_p1_230104_234290,1
TIR_DC3_trim_R_8_x6,model_2,3.06,68.7,0.6383,0.8216,0.8783,169,197,2,TIR_DC3_trim_R_8_x6_model_2_multimer_v2_p1_230104_234290,1
TIR_DC3_trim_R_8_x6,model_1,3.38,67.93,0.6291,0.7743,0.8582,173,221,3,TIR_DC3_trim_R_8_x6_model_1_multimer_v2_p1_230104_234290,1
TIR_DC3_trim_R_8_x6,model_4,3.55,66.81,0.6157,0.7609,0.8533,150,177,4,TIR_DC3_trim_R_8_x6_model_4_multimer_v2_p1_230104_234290,1
TIR_DC3_trim_R_8_x6,model_3,3.61,66.54,0.6042,0.7417,0.8529,160,199,5,TIR_DC3_trim_R_8_x6_model_3_multimer_v2_p1_230104_234290,1
TIR_DC3_trim_R_9_x6,model_3,2.82,73.29,0.747,0.8576,0.9106,204,263,1,TIR_DC3_trim_R_9_x6_model_3_multimer_v2_p1_230104_382058,1
TIR_DC3_trim_R_9_x6,model_1,0.68,71.47,0.7459,0.8062,0.8529,257,310,2,TIR_DC3_trim_R_9_x6_model_1_multimer_v2_p1_230104_382058,1
TIR_DC3_trim_R_9_x6,model_4,1.01,70.99,0.7437,0.8024,0.8455,255,299,3,TIR_DC3_trim_R_9_x6_model_4_multimer_v2_p1_230104_382058,1
TIR_DC3_trim_R_9_x6,model_2,3.76,65.82,0.6334,0.8394,0.8788,215,284,4,TIR_DC3_trim_R_9_x6_model_2_multimer_v2_p1_230104_382058,1
TIR_DC3_trim_R_9_x6,model_5,4.9,51.81,0.5613,0.6529,0.6877,332,377,5,TIR_DC3_trim_R_9_x6_model_5_multimer_v2_p1_230104_382058,1
TIR_DC3_trim_R_10_x6,model_1,3.03,65.54,0.559,0.6571,0.7876,171,172,1,TIR_DC3_trim_R_10_x6_model_1_multimer_v2_p1_230104_063409,1
TIR_DC3_trim_R_10_x6,model_5,9.37,60.02,0.4783,0.5748,0.672,173,204,2,TIR_DC3_trim_R_10_x6_model_5_multimer_v2_p1_230104_063409,1
TIR_DC3_trim_R_10_x6,model_4,3.01,61.06,0.4751,0.5355,0.6549,146,173,3,TIR_DC3_trim_R_10_x6_model_4_multimer_v2_p1_230104_063409,1
TIR_DC3_trim_R_10_x6,model_2,6.23,61.24,0.4476,0.5391,0.6697,159,181,4,TIR_DC3_trim_R_10_x6_model_2_multimer_v2_p1_230104_063409,1
TIR_DC3_trim_R_10_x6,model_3,3.98,53.54,0.2878,0.2915,0.2772,123,107,5,TIR_DC3_trim_R_10_x6_model_3_multimer_v2_p1_230104_063409,1
TIR_DC3_trim_R_11_x6,model_5,2.32,70.5,0.6922,0.7879,0.8115,173,211,1,TIR_DC3_trim_R_11_x6_model_5_multimer_v2_p1_230104_849333,1
TIR_DC3_trim_R_11_x6,model_3,2.98,69.38,0.6884,0.7415,0.7695,212,260,2,TIR_DC3_trim_R_11_x6_model_3_multimer_v2_p1_230104_849333,1
TIR_DC3_trim_R_11_x6,model_2,3.35,70.79,0.6878,0.7579,0.7813,220,269,3,TIR_DC3_trim_R_11_x6_model_2_multimer_v2_p1_230104_849333,1
TIR_DC3_trim_R_11_x6,model_1,4.75,70.3,0.6824,0.8857,0.9233,156,186,4,TIR_DC3_trim_R_11_x6_model_1_multimer_v2_p1_230104_849333,1
TIR_DC3_trim_R_11_x6,model_4,2.11,60.39,0.6149,0.7671,0.8237,165,205,5,TIR_DC3_trim_R_11_x6_model_4_multimer_v2_p1_230104_849333,1
TIR_DC3_trim_R_12_x6,model_4,3.86,68.64,0.6915,0.8291,0.8573,224,249,1,TIR_DC3_trim_R_12_x6_model_4_multimer_v2_p1_230104_337473,1
TIR_DC3_trim_R_12_x6,model_1,1.79,68.43,0.6913,0.8732,0.8977,214,247,2,TIR_DC3_trim_R_12_x6_model_1_multimer_v2_p1_230104_337473,1
TIR_DC3_trim_R_12_x6,model_5,4.92,67.87,0.6911,0.8895,0.9198,192,229,3,TIR_DC3_trim_R_12_x6_model_5_multimer_v2_p1_230104_337473,1
TIR_DC3_trim_R_12_x6,model_3,4.94,67.65,0.6814,0.8228,0.8506,208,238,4,TIR_DC3_trim_R_12_x6_model_3_multimer_v2_p1_230104_337473,1
TIR_DC3_trim_R_12_x6,model_2,4.63,67.76,0.6807,0.8958,0.9333,189,240,5,TIR_DC3_trim_R_12_x6_model_2_multimer_v2_p1_230104_337473,1
TIR_DC3_trim_R_13_x6,model_1,3.22,71.58,0.7233,0.7334,0.7716,228,379,1,TIR_DC3_trim_R_13_x6_model_1_multimer_v2_p1_230105_337769,1
TIR_DC3_trim_R_13_x6,model_4,3.58,71.94,0.7166,0.6918,0.7225,229,378,2,TIR_DC3_trim_R_13_x6_model_4_multimer_v2_p1_230105_337769,1
TIR_DC3_trim_R_13_x6,model_2,2.42,74.59,0.7065,0.8909,0.9321,174,209,3,TIR_DC3_trim_R_13_x6_model_2_multimer_v2_p1_230105_337769,1
TIR_DC3_trim_R_13_x6,model_5,1.09,73.22,0.694,0.8777,0.9241,162,207,4,TIR_DC3_trim_R_13_x6_model_5_multimer_v2_p1_230105_337769,1
TIR_DC3_trim_R_13_x6,model_3,3.9,72.67,0.6886,0.8361,0.8955,156,192,5,TIR_DC3_trim_R_13_x6_model_3_multimer_v2_p1_230105_337769,1
TIR_DC3_trim_R_14_x6,model_5,2.09,69.88,0.71,0.7583,0.7864,280,303,1,TIR_DC3_trim_R_14_x6_model_5_multimer_v2_p1_230104_390728,1
TIR_DC3_trim_R_14_x6,model_1,3.02,70.25,0.7001,0.887,0.9159,198,222,2,TIR_DC3_trim_R_14_x6_model_1_multimer_v2_p1_230104_390728,1
TIR_DC3_trim_R_14_x6,model_4,0.97,69.59,0.6994,0.7995,0.827,262,284,3,TIR_DC3_trim_R_14_x6_model_4_multimer_v2_p1_230104_390728,1
TIR_DC3_trim_R_14_x6,model_3,4.52,68.39,0.6959,0.7982,0.8271,245,276,4,TIR_DC3_trim_R_14_x6_model_3_multimer_v2_p1_230104_390728,1
TIR_DC3_trim_R_14_x6,model_2,1.76,65.14,0.5834,0.7262,0.8163,162,186,5,TIR_DC3_trim_R_14_x6_model_2_multimer_v2_p1_230104_390728,1
TIR_DC3_trim_R_15_x6,model_4,2.13,69.05,0.6894,0.9005,0.9341,195,230,1,TIR_DC3_trim_R_15_x6_model_4_multimer_v2_p1_230104_907586,1
TIR_DC3_trim_R_15_x6,model_5,1.56,68.23,0.6885,0.8811,0.9101,200,235,2,TIR_DC3_trim_R_15_x6_model_5_multimer_v2_p1_230104_907586,1
TIR_DC3_trim_R_15_x6,model_1,3.76,67.91,0.6826,0.9164,0.9433,202,249,3,TIR_DC3_trim_R_15_x6_model_1_multimer_v2_p1_230104_907586,1
TIR_DC3_trim_R_15_x6,model_3,9.91,67.59,0.6762,0.8989,0.9338,182,218,4,TIR_DC3_trim_R_15_x6_model_3_multimer_v2_p1_230104_907586,1
TIR_DC3_trim_R_15_x6,model_2,5.22,67.16,0.675,0.8938,0.9312,185,233,5,TIR_DC3_trim_R_15_x6_model_2_multimer_v2_p1_230104_907586,1
TIR_DC3_trim_R_16_x6,model_1,1.53,78.6,0.7694,0.9196,0.9442,186,221,1,TIR_DC3_trim_R_16_x6_model_1_multimer_v2_p1_230105_390356,1
TIR_DC3_trim_R_16_x6,model_2,1.21,79.02,0.7691,0.9237,0.9486,200,231,2,TIR_DC3_trim_R_16_x6_model_2_multimer_v2_p1_230105_390356,1
TIR_DC3_trim_R_16_x6,model_5,2.75,78.51,0.7637,0.9222,0.9443,192,228,3,TIR_DC3_trim_R_16_x6_model_5_multimer_v2_p1_230105_390356,1
TIR_DC3_trim_R_16_x6,model_4,1.6,78.01,0.7567,0.8871,0.9269,193,232,4,TIR_DC3_trim_R_16_x6_model_4_multimer_v2_p1_230105_390356,1
TIR_DC3_trim_R_16_x6,model_3,1.65,76.76,0.7335,0.8548,0.9111,198,231,5,TIR_DC3_trim_R_16_x6_model_3_multimer_v2_p1_230105_390356,1
TIR_DC3_trim_R_17_x6,model_4,1.15,69.5,0.7266,0.7623,0.7827,286,296,1,TIR_DC3_trim_R_17_x6_model_4_multimer_v2_p1_230105_557748,1
TIR_DC3_trim_R_17_x6,model_3,3.15,69.15,0.7256,0.753,0.7837,264,271,2,TIR_DC3_trim_R_17_x6_model_3_multimer_v2_p1_230105_557748,1
TIR_DC3_trim_R_17_x6,model_5,5.92,69.47,0.7242,0.8814,0.9033,294,415,3,TIR_DC3_trim_R_17_x6_model_5_multimer_v2_p1_230105_557748,1
TIR_DC3_trim_R_17_x6,model_2,3.1,70.25,0.724,0.8007,0.8282,243,234,4,TIR_DC3_trim_R_17_x6_model_2_multimer_v2_p1_230105_557748,1
TIR_DC3_trim_R_17_x6,model_1,3.88,69.15,0.7171,0.8193,0.8455,236,241,5,TIR_DC3_trim_R_17_x6_model_1_multimer_v2_p1_230105_557748,1
TIR_DC3_trim_R_18_x6,model_1,2.75,72.86,0.6483,0.6464,0.7702,190,216,1,TIR_DC3_trim_R_18_x6_model_1_multimer_v2_p1_230104_826550,1
TIR_DC3_trim_R_18_x6,model_5,1.99,70.11,0.6077,0.6263,0.7393,196,218,2,TIR_DC3_trim_R_18_x6_model_5_multimer_v2_p1_230104_826550,1
TIR_DC3_trim_R_18_x6,model_2,10.88,71.71,0.6051,0.6421,0.7271,221,249,3,TIR_DC3_trim_R_18_x6_model_2_multimer_v2_p1_230104_826550,1
TIR_DC3_trim_R_18_x6,model_4,2.16,69.86,0.5721,0.5503,0.6571,213,228,4,TIR_DC3_trim_R_18_x6_model_4_multimer_v2_p1_230104_826550,1
TIR_DC3_trim_R_18_x6,model_3,1.37,64.93,0.4385,0.4052,0.4617,189,210,5,TIR_DC3_trim_R_18_x6_model_3_multimer_v2_p1_230104_826550,1
TIR_DC3_trim_R_19_x6,model_5,0.4,77.63,0.7785,0.8152,0.8425,241,279,1,TIR_DC3_trim_R_19_x6_model_5_multimer_v2_p1_230104_341104,1
TIR_DC3_trim_R_19_x6,model_4,1.29,75.86,0.7772,0.8354,0.8691,216,282,2,TIR_DC3_trim_R_19_x6_model_4_multimer_v2_p1_230104_341104,1
TIR_DC3_trim_R_19_x6,model_1,0.54,76.29,0.7753,0.8208,0.8514,249,300,3,TIR_DC3_trim_R_19_x6_model_1_multimer_v2_p1_230104_341104,1
TIR_DC3_trim_R_19_x6,model_2,0.5,75.4,0.7672,0.8736,0.9209,181,255,4,TIR_DC3_trim_R_19_x6_model_2_multimer_v2_p1_230104_341104,1
TIR_DC3_trim_R_19_x6,model_3,7.27,73.77,0.7616,0.8054,0.8428,222,263,5,TIR_DC3_trim_R_19_x6_model_3_multimer_v2_p1_230104_341104,1
TIR_DC3_trim_R_20_x6,model_5,2.58,30.44,0.1594,0.0712,0.0122,32,21,1,TIR_DC3_trim_R_20_x6_model_5_multimer_v2_p1_230104_859826,6
TIR_DC3_trim_R_20_x6,model_3,3.34,29.11,0.1526,0.0073,1e-04,8,4,2,TIR_DC3_trim_R_20_x6_model_3_multimer_v2_p1_230104_859826,6
TIR_DC3_trim_R_20_x6,model_4,1.22,30.86,0.1514,0.0029,1e-04,4,2,3,TIR_DC3_trim_R_20_x6_model_4_multimer_v2_p1_230104_859826,6
TIR_DC3_trim_R_20_x6,model_2,5.06,28.39,0.1428,0.1377,0.0098,45,39,4,TIR_DC3_trim_R_20_x6_model_2_multimer_v2_p1_230104_859826,5
TIR_DC3_trim_R_20_x6,model_1,10.72,26.56,0.142,0.125,0.0077,40,34,5,TIR_DC3_trim_R_20_x6_model_1_multimer_v2_p1_230104_859826,5
TIR_DC3_trim_R_21_x6,model_1,5.64,67.44,0.6484,0.8787,0.9281,174,213,1,TIR_DC3_trim_R_21_x6_model_1_multimer_v2_p1_230104_898209,1
TIR_DC3_trim_R_21_x6,model_5,6.72,68.23,0.6445,0.8638,0.9218,180,193,2,TIR_DC3_trim_R_21_x6_model_5_multimer_v2_p1_230104_898209,1
TIR_DC3_trim_R_21_x6,model_4,3.41,66.55,0.6442,0.7958,0.8433,187,207,3,TIR_DC3_trim_R_21_x6_model_4_multimer_v2_p1_230104_898209,1
TIR_DC3_trim_R_21_x6,model_3,4.06,64.66,0.6243,0.8249,0.9006,165,205,4,TIR_DC3_trim_R_21_x6_model_3_multimer_v2_p1_230104_898209,1
TIR_DC3_trim_R_21_x6,model_2,8.96,65.6,0.6111,0.8099,0.8806,191,216,5,TIR_DC3_trim_R_21_x6_model_2_multimer_v2_p1_230104_898209,1
TIR_DC4_8_x6,model_4,0.08,87.29,0.8161,0.7395,0.7793,179,250,1,TIR_DC4_8_x6_model_4_multimer_v2_p1_230105_671089,1
TIR_DC4_8_x6,model_3,0.09,85.92,0.8014,0.7386,0.7815,176,258,2,TIR_DC4_8_x6_model_3_multimer_v2_p1_230105_671089,1
TIR_DC4_8_x6,model_5,0.09,83.4,0.7083,0.6488,0.6593,175,253,3,TIR_DC4_8_x6_model_5_multimer_v2_p1_230105_671089,1
TIR_DC4_8_x6,model_2,0.08,84.3,0.6967,0.6123,0.6188,161,223,4,TIR_DC4_8_x6_model_2_multimer_v2_p1_230105_671089,1
TIR_DC4_8_x6,model_1,0.09,81.39,0.4656,0.3925,0.4001,116,125,5,TIR_DC4_8_x6_model_1_multimer_v2_p1_230105_671089,1
