DC,FILE,Abbr,Species,Subclass,Sequence_FL
1,TIR_DC1_1,anatra_ecTIR-DC1_1,Anadara trapezia,Pteriomorphia,MDEENPLLSHSISADETELKHIAADDQDSQNDQEATVCELPAGKKYHLFVSCSSLDNRSIDPILVTLKDLYNIKYVHPGDFIAGKPVLQNISDLMVESMKMLIVITPNYLESNFCNYEKCLAFFIHAGERRHCLIPLLLEPCNNLPVELKQLTYIDAETERDIPARIVDALKNNDSPNCLVPNTIPEHVWRYLVDDIPKPSRDQNGHLLFFFDSVKLTHQNLGNQWRFKSLTEIQEENMEKENIKMGDFYETLINDLNSQRLMKHYGSLVGRPQLGIMLFLSVIVGIASTVIMCCADILGSGKYKDVSVYLALFFFIMFLLVGAVVFGRKIMLLLFVRRIHACIYKHLKSYYKTGKFLIFYHEDNTNKPSLELIRYDTEPCKNHLMIVLSKKYKHRSSEELEAMADDLIEQKIVEDRKRLYNWCNLPRSVIKRHNTYLGKECLCELIEDTLPTLVENNDTPPIEI
1,TIR_DC1_2,cracor_ecTIR-DC1_1,Crassostrea corteziensis,Pteriomorphia,MAEFLDTSQYGDEEEVPLLSLPDGTIDQDETDLKVFAESENVMDQSVSSTNPLPPGKEYHIFMSYSSEDRIDANTIREQLEERFQLKCLYYERDFQIGKNIDENITEGMQKSIKALILLSPFYLQSHYCVTEAREACKMSFTDVENLNVIPVVLTPLQREMPPFLNSYVYIDAQKELDVAGKIYKAFNQPGYLDPLQIGKSALSCNGSLLFRKIASKTRYFKHGLSYRFLPIEPHEEAKICQHGLDPIECKNQYDTLIGGVNKTYLFRNYPVFSSLKWRCLLLCLLFMALTCIWIASFLLSSTIGSILKDEGYFYTNLTLGIPLLSLTFICGFPIIYGCRRQLSADINLLVLQHNLRFYKRSKCLVYFDQPTLTQPTLYIYRYDVAECEDYLLSLLSKHRHGDPGNNQEIITGLIAAQLKELQVTKGLINWTHLRESAISRHRTSNNRACICEMLEDHVNKTYGSSTIEV
1,TIR_DC1_3,cragig_ecTIR-DC1_1,Crassostrea gigas,Pteriomorphia,MLSVQEDTLTERDVLLTVEESQDTNCDINNLSKSYSGSETCLKTPIGQDHYEANVERGHDTLTPENTLRQRRVAKLPPGKKYHLFISCSTEDITEVNKICKELESRFFFKCMQHDRDFVIGKPLDDNIQSEMAKSVKVLILMSPAYITSRWCMSEADEAVRLSYSEREKLKIIPVLLRPPDEGLKLPPFLNRYRYIDSQKEKDITAKIFEAYYHSDAVDYIKIQGEQELTEDEIKNQNGARLLTKTFIQQRPYFEKGYVFETEQLTLNEREYLKNLHEKCVDQFEAAVSLVTNHRLMKYYKIFTMAIFTHVAAFFFSATFVSSVSTLYMTSVLIVRNFESFPSFGDVLAISLFGGCCFYIVFVVGILFFRRGMTVHIRKELWKSVNIKYFRETKCLVDYNDTSVREPAIFIFRYDTNPCQEYLNVLIEQKYFYLDEDAIKTMAEEQIDNKLSELQRLGVLADWFRLPVYDYNRHHTWLRKQCLCQMLEMSLIQREVISV
1,TIR_DC1_4,cragig_ecTIR-DC1_2,Crassostrea gigas,Pteriomorphia,MDEVYRPLLSTSYQVNDIDLEEIQPIPSSLNLNPDETEVKIVVDETQLKTIISSEELSAGDTKPLPPGKEYHLFMSYSSEDRDDANTIRQHLEERFHLKCLYYDRDFQIGKNIDDNITEGLQRSVKALILLSPFYIQSHYCVTEAREACKLSFTDMENHNVIPVLLRPLPKDLPPFLNSYVYIDAQREMDVAGKIYEAFNQPGFLDPLQMNKSALSCNGTLLVRKRAIRADCFSHGFSYRFSPLEVYEEDKICQHGVDLTECKKHFTTIMEDLNNKCLFRNYPVFSSIKWRCLLLCVLSTAFSCIWVASFLLSATYGSILKDKTYWVMNFIIGLPIVCSICPCGLLIIYGCRRMRSTGIHFVVLRYNLRFYRSSKCLVYFDQTTLTEPTLHVIKYNLDDCEDYLLSLLKLRRQNDLNWDTGTNEEIVETLIHQQLTELQSTQALIKWTLLRESSVNRHRTSNNRACICEMLEDQVNKTYGPVVIQV
1,TIR_DC1_5,mytgal_ecTIR-DC1_1,Mytilus galloprovincialis,Pteriomorphia,MAHGRSTVQYKCLNETEDETELSTLLTQNISESHISSSVVSNKVKDKTALLPTEEYSDFESTVICKNHNEISPNSTYETNVQESIDQTCVKTPVLQLISGSDPTNNQLQPERPHNSDNKFNLPSGKKYHLFVSHSSDDRDDVYKICEELEKRFFLKCSNFERDFVGGQTIDDNIKNEMCKSVKVLLVLSSSYLGSLWCMGEAHEAMDMSTRKRNNNVIPIMLRPFDSSQLPPTLKRYRYIDAVKENDVAAKIRDAFYHSAAVEISYDDTAESKQNGFRLLSKPVIRLSPFFSRGFVYKFSPFTADDLFTLKSQKVNHVQCVQQTKAAIAFVNSRALMKYYRVFIGGMFTLFASTLLAMLTFLICIGIGSLVVIIKKSTHGISFLTLLLVIGGAVAAWVLTFAIIIGVRQYLTLNLRRQLWRINEKYFKESKCLVVFDNTNMQTPFLSLIRYDTVKCKEEVFNLLEKNKRFMDYAKERLKEITDLIVKEKISYLQEKGFLSKWASIEDADYNRHNTWLCKKCVCQILEEHLINPKVITV*
1,TIR_DC1_6,mytcal_ecTIR-DC1_1,Mytilus californianus,Pteriomorphia,MDYFEQPVFKLPPDKKYHIFVAHSSEDSPEVKDLCIELEKRFFLKCMNYERDFIPGKLLDDNIYDEMKNSSKILIVISPSFLDSYWCITEARQAFQMAHADGDSLKVIPILLRPVKKEIPSFLKSYRYIDALQEKDVAAKIMDAFYHSAAVDQLYHEKKAFTVEEVKSQNGARLLTIEAVKLTPFCSNGYVYEFDGLTKKENEILKSSLDVNCEEHVAAILNRVNSHPVMRHYRIFSGRKFACGAALLLGMVATAFVFGSYFLSIIVEKIITDYFTNVFFSAFIFGGLIWIGSFGLLFIARRKMVTKLRGDIWKVNSDYFEDNKCLIVFDNTNISKPSLTMVRYDTSACKEYVGILLEKRHRFTYKDDKIEELAQIMIKQKLAHLQQNGFLCNWFTLDICDYNRHNTFLGRKCLCQLMENEIIYPKSVITV
1,TIR_DC1_7,myttro_ecTIR-DC1_1,Mytilus trossulus,Pteriomorphia,MAMQNFGNQGTGPNPYELPAGKEYHIFIACCGLDSRKGKWLMEQLESRYPFRCVYHERDFRPGAMIVDNMREYMDKSVKVLLLLSNGFFQSYYCKLEETFAISLSDEAGQNCIIPVLLEEVPLPPVLRHMTYIDARLPGDVVAQIREAYCRTAHQIGLSPSLCHIGGDDNGKRIGIVEGHHSSLCVCGCRWKFEDFNLNYAHFDEDTKQHIEEMCFDATETLNSKPGMRFYGYFTQRREFIGVFLACLIYSVLVVGIYLTYIQATNRSFDGTDVYVPIVVGVSLLPTVYFLVAGYIGSKLTRKYIETTLWKIVKQHYKKSKCLMFYDNVPVGDSPMCGRKTLPNLVLINYDTKPCKEYVLLFLRNKFSGFAENHEAFEEWADKLIECTIAYYSHDIIHWEDLPKSSYNRHDTWKQRECICQLVEPHLSELSLGQCVWFKYLGKREHKTFSNGTVTYGRRIIL
2,TIR_DC2_1,cracor_ecTIR-DC2_1,Crassostrea corteziensis,Pteriomorphia,MARNNNKEYDCLLVYNHARSRLSRLDDHDLSLRVVECTDERLRQWGYKKNHYYDRDNIPGRNVFTELFRVVDTSQFVLLFLTRGFLNNCWIRYCQMAAFKKLIDESTRPDQIASHRVIPILINITENDVPQELGQLTYICFTDDWERDGPEWQKLKRALDGQPMQETISRGIGDARPSATLNHMSQCIPESFSNQTVQNEIRATPSSNLLQNSNVASHCNNPAAAAAASKNSIFQTTESTQISRATSDPMDSFESSQLFSSGGRDTSQTHSRSIPSNPSGHPPPQEESILKKEEVDYVTLSGCESRSLNNERANNQLGQRTRTPRLSEAAKPITHPSGVMSGSRDADIQEDAPRTSGTLHLQSRDVEPDAQESIMQSSTAAPRNAPPSQTDSISDSGIGLLNGPEGESLNLSSLLEGSTSSAFPSPSSETFNTADINRDEPDTPGGPVTENIESGPSFLSQAFHFTLHALFHPDKVYYPL
2,TIR_DC2_2,cragig_ecTIR-DC2_1,Crassostrea gigas,Pteriomorphia,MSGRVNNKEYDCLMIYNHARSRLSRVDDNELSLRIVERADQQLTAWGYRNNHYYDRDSIPGRNVFTELFRVVDSSQFVLLILTRGFLNNCWIRYCQMAAFKSLIDESTRPECVASHRLIPILINISENEIPQELGQLQHICFMNDWDTNEREWRKLKNALDGHPMQESTQRSIGADIPPVTRQHFSQGISESPNTPAVPSDTGASPISNAPSSRSARTAIVTPNSSGNYNAQSDQGRLSSEDSMDSMNSLSSSLLFSRPSLSTSTNASSTGSSAAQHVPLMQQSNQNQNSIPHRQSEDLVTLSGHGSLSGEQPYEPVARSIRTRLSETNRPVTHTSSVQGDTSIDGSSSMSHSFTGDEDITIPKETAATVTPRTMHLLSFDVEPDALQSMTPTTAATVQQSVASPQNHSSSPSLSQSTPDSGIELGSPELGPLNVMSILNVDRALESSPASNQIANSVSQQDGLDTAVTQSPERPNSEEREGPSFMFRAFHFSLHAILQPDKVYYPP*
2,TIR_DC2_3,cravir_ecTIR-DC2_1,Crassostrea virginica,Pteriomorphia,MARTNDKEYDCLLIYNHARSRLSRVEDNELSLRVVEITDERLRQWGYTKNHYYDRDSIPGRNVFSELFRVVDSSQFVLIFLTRGFLTNCWIRYCQMAAFKKLIDESTRPDQIASHRVIPILINITEDEVPQELGQLTHICFRDDWEMDGPEWLKLKLALDGQSVQETRPRGVGDVRPPATPNHISQCIPESCREDPSVHSERRGTQSRNIACNSSVASLSVNQSISETEEATLVKDPVHLDSFRSNELFASGGRELRTSTSLSKTPQTNNSLKQQRPLNPQLAPTVLNGVEGDHVTLSGHGSGSLGNKWGDNQLGQSPRVPRLSEAALPVTHTSDVMPGSRNHDNVPQRSGILHLLSRDVEPDAQESLPVEQPSPAGDGSDTSSQTDRVDDSGVDLSGFLHGPEGEPLNLVSLMEASTSSDLSSPSSENTNSVHINKDETDIGVTQSPAGPATEERENRPSFFSQAIHFTLHVLINPDKVYTPL
2,TIR_DC2_4,mytgal_ecTIR-DC2_1,Mytilus galloprovincialis,Pteriomorphia,MADSMERTYPYRAMFLYNRPRLSSNRNTDSDYVLSHNFVKFAVEKMEMWGFYNSYYHDRNATPGSNIFDELFETVDASRFIVVLCTRGFLIDAWGKYTSHATFAKLLNQNDSKRFIAIHIDLQDQQIPESFNTMIGISFSANWQNEYEEWDKFKNLLVNVNQPVPATVVPLIPADLTNRGNNQHFQATCVGIQAISGIETDGEHNESSDINRTIQSVNGNTTNINGVGLTSANNPPSIVIPTTGNNMEENISLTQKAKAVPSTSTTMQTPGIKAQSVQSKTTTMQTPGNREPLESAPTPNNSQNSSESNFKEIVGRDTSDDLFSSLNTNDVELDNSGQSFSNSPDNQVNTDSHKNEAENSQVCSQQPDHTRMSGCPKGDHSNYQHDSGYDAGLDLQPVLNNDQNTNGFNTESIEINRSNGNGGASLTNKHDEYESMDGPATNTQGASVLSSTMKRMLPATRSTMKNTVGTMLKSMIFAQKCDQSFL*
2,TIR_DC2_5,pervir_ecTIR-DC2_1,Perna viridis,Pteriomorphia,MERGYVYHANFIYNQPKIRIERHRNGDQKLSLDIVKHAVDKMESWGLKETYYHDRDAMPGSNVFTEFFKTVKQSRFTIVVVTKGFLNDSWTKYKSQSAFLKLLEADKAKRFIAFYVNIDECHIPDELNVMVPICFDQNWKINVHAWEQLKMQLFDLGSTPVQDTGRDPYPAITNTRYQPQKSTVGHQNILISRAVTVNNSPLTGVQDTNPPQYPTSTNRECSIEADAVSDSSQNQHTASPQGLSQAASQVNNHAQNDNCSNCQYQTSEFLVQNRSNDLRSDMAPAGRSEQNLSSSDRRPPDGAPEISDTVTRPQTNNAQLQLYDSITELKMVAGNSNGDQRDEVAYSSLNRIDVEEDTNLNNPSLSETYNSLAQRIRPGHTSPISYSSHPNTSESMSTCRQHYEEPSSGLKSIFDSFKNFDRSSFDGRRFVAGVFFRSLVHIVRSDQCFK
2,TIR_DC2_6,pyggra_ecTIR-DC2_1,Pyganodon grandis,Palaeoheterodonta,MAASNLKPLVKGKTYHFNVIYNHALSRYSTTPDTELSLRFVEFLVGKLNAWGYTEFYYYDEHALPGRNIFEELFRVVNGSQWSFVILTKEFSSNCWVKYCQLAAFKNLIDKTQRDRLIPIIVGNVQLPVELDVNGVLSFDDDQTTWDQGHIKQLNRLQRVLAENISVADTKEVEAVQGAKEVEAVQDHGDGIVRSEADHIITETQPSIEESLSDFNLNSHIELDGSMSFDNTDGSTHHPNANDGIEEMGQNTDMNPARISNHLYPQSVLAHSPTTDTATYIQEGQIQTDTDVRETSVSNTENTHNRSSDIKHNLSISSSSRPVSTNASPNTDGLSPHASASQGRTTFCQHDQTEYKANTQASSESSIQVSSLAREATSRIAKVESGPTIKMEHIYNSHRSEKPLNSSEGQSILQSVMESDIDVTTMQNSVDGLPVVEEVNRECGVITSMAAGCIPRPELSQGKTEQNKNVDILPYEAEYPEQRMKELLFDCGGQYVENLSLSEDQDITLDQERSNLQRENISTTEQMRPEELLNDFTQRLFEQDGLTLNINSLINNGINEQGELTEPKNKASSSDAGYISADNISNNSISSSHPGKHHWEGHTDSSDRMDVKTSSLESDPNTHMGNSKYSGDVKSGNNQMDGVNQMKKERLVYTREKESKPEKVTDNKNQDEEVPVKGEGPRPNSVESDPKTHMGNSKYNGDVQSGNNQINVVDVMKKERLVCTRESKPEKVTDNMNKDEEVPVRGELPRPLGSETDASFSMISTSRSMARDIDGYREVFLRSVFHSFTKTDMLSSWS
2,TIR_DC2_7,solvel_ecTIR-DC2_1,Solemya velum,Protobranchia,MGEIPLNSGKCYHASIFYNHARSPMSITEDQKVSLHVVEHIAGLLDEWGYTKYFYHERDALPGRNIFGELFRVINGSQWIIVVLTKGFVCNCWGQYCQQAAFKKLLDEGDSEKLLPIAVELEEKDIPENLGVNAVTFFGEDWRENSNGWMKLKRVLEGEAVTETQCPGIPHPRSHQDHPDSKLDLTFGSRMTFHGGEVNIHTEGPIPMPEATPAGQNSVDGMASLSKEFASVAITGGGHITTHGAKVNIGRAATPAPTPVPVPVPVPSAPVTDHKKTGVHGTS
2,TIR_DC2_8,solvel_ecTIR-DC2_2,Solemya velum,Protobranchia,MATTTLHARSRMSNTADNELSLEVAEKIVENLESWGYTKCYYHERDALPGRNIFDELFRVIRGSQWTIVVLTKGFVRDCWGKYRQQAAFKELLDTDDSRRLLPIAVGLGENDIPPNLGVNTVTFFGENWRLNVRDWAKLKRVLEGEAVTETSPSGIALPESSDDMVMIHREHGQRDLPSSQQRQPSSTFARADSTQRRSHSPILDSNHEQSVRRNSSNFAEFSTGLSDPFSSSAGRTSQILSVNRPRTGRADNYVSNRTTRQTETGATVGSYQGYQEIERSVNINAERLEDNSSRYRTPLTASSDVATRQEVVGAEWLCQNNVTRELNSFGSRIDSRENILPNVSLKTYDDHSDYLSCVNTDNRQRETESVKEAAIPLSAYGSRPQRTDRTTTKDVPPGGRTTQQEGIVESQAGRQENFTLPITDDDKYSIQYPPHSDRDIEYDQLSLDVNVWHGSRGVKPISWRDTYNSIEASMFGDSGFEETNPKTVINSNTECKLPTETTTPSSGPSGPLPMRQREQNPTGNRCTILPGIRGKESVGGSFSGGSEGKQGTLTDVVTSLIDDSGHQQGTPRVAVSEGRETIVTDVRTERKNSVSEVAKSVIGDPKRYREAISDVAKPMANVSGSHEYEEKLVIEGLEHQRITLTGVSEGRGTIVTDVTTERKNSVSEVVKSMIGDPERYRETVSDLAKSTANVSERHEYEEKLVIEGLEHQRRTAYQKSLNL
2,TIR_DC2_9,solvel_ecTIR-DC2_3,Solemya velum,Protobranchia,MAQLPLGKLYNACIFYNCCSRRSRTEDQQLSLDLVEELVEFLERPPNSYKCYYEDRDLRLGKDIFNELDMLIKGSDWIIVILTKGFIQKGWHTFSQKVAFKKHLDNGSDKFLPIAVGIDEHELPTNLPINTVLYTDRDWRRNVEQLKRKIIQTMETTPITDTEPPLQHLELADSFRSTDENTTSTNVQEANPQFDTLYRRADSYRIAVESTPSPHVQEASPQSDILPTAPAPIARPVSSDGSVQDEYEDIGNDLETLLIHSDTDIEEDHGQSESDETTPKTIRELGDGSVSENSGVEPSAESVRSNDVLEDNEQKSDPSEEEAAVNQDTHKEEGNTWAPILKKALLISLDLLRQPEMPLLK
3,TIR_DC3_1,cracor_ecTIR-DC3_1,Crassostrea corteziensis,Pteriomorphia,MGSASSTSGQSIAVRPVQSATINDKSLQLTVSTDTVIPTKQPDKLQNHTADLVNVTQKKSIEKEEKEMNSSKAEIKEDDNSSPTDPTTEDKTVNKNPNNDQEQAQRSAQTVDDPKNEEQEENNETPSQTELTEEDIEALKTKAFKTAEKNLAILSDMEGHLKENGLFNQDFKKASFTLQNTHFALKRAKFEVSEKFKQELGDVFVELGGVKTICDVVVFCQRQGYYSAENKLKQGIWIPLLNCTIVLINFTDVNPKYAHLLVENGEFLSMVCESLQTLQLSHLENNMREKDEKLLGCFLSIIHNLAQAETIISELRDWGFVEVHLPFLKSNKDKVLLTSLATLADLVDESQAKHLETDGEVFTFLLKCLKSASKDKHRRCKGWSVRELARTIRRISKNDVNKKGLVAQGCLPVLVPLADSIHEDEQIEVLGALWMLSFDKDNQDVMLQDASVMETFLKHRTSQNKKINNSCNGALWNMREKLSSVDKYKELGKEYRRDEQEKLASAEGQSGHVMISYQWADQPLIKRIRDSLQENGVKCWMDIDDMQGSTLNAMARAVERAEIVLICYSKKYYDSPNCRAEAEYAFQLRKPIIPLKMERNYQAREWLGFIIGSKLFFEFTDKYPFESKMSGLIKEILTRQKKSVPNTPVISHAAPVSSEKKETSSSKPKVRTQASEVVKNWKENDVLRWIHHHKLPSSKFSSLTGIEIAFLQVLRQESPDFFYKTLNDMLKIKDLPTLAKFTFALEDTLV
3,TIR_DC3_2,cracor_ecTIR-DC3_2,Crassostrea corteziensis,Pteriomorphia,MGSGSSKQKPKPDNPNSQPTGNNPTVQESELVPRRIMGPKRSPVRTKSIIEGEQYDTLLIKHPELKPVLREYDKVIAKLKKTGGEISEDSYPEIYKLLDEKIDDPFQDNGGLEERLLMGNYLAKNDFLPHLVDIYQAIWTNHDLKYFDDDLEEEEEENDFFKLLKLIRTILWNYADGSPKFAEAIVSDTHFFQFLTEDLLAVQGDLEELEEGDEITNENHFPFNSTLGILNNCARNAASKDVYKIQRLSNKDGGKEGDMVKILEDLLKSDITYVKLVVLLALSYMVNEEQNKEITADETIFNFLLDMVQKAEKAKDRRQYGFSIHELLNGLAKLAKNDENKIKIMDKGAFKILKRILKQGNEAEQTATVNVIWELSFAKKNKTLFKEDKEVWSSLKTLSKSDNKELSKAAQGAVFVINEGSDEEKRKKEKPREGTAEEGHIMLSYNWGDQKMLLKIRDRLLEQGMNVWMDVDNMEGSILEAMARAVEDARVVLVCYSEKYKDSQNCRTEAEYAYSQQKDIVPLRMQEGYRASGWLGAVIGARLFYDFSGKYDFDKKFRELSSALSGKMGVQKRASTISETTVSRPLPKITEDDKVVILTWTKSDIDNWIKDNNLTAFSGLKSLSGQQLVFLYKMFRRAPEYFYRCIEEKLGMKSLEDLMRFSDAVEKLQSEYPDINRLVH
3,TIR_DC3_3,cragig_ecTIR-DC3_1,Crassostrea gigas,Pteriomorphia,MDEIADELSPDNELHQRINQEMLAIQCSDILFDAVENHIECIWKTIEKLKRQKKRPTVIVDTLVDDNIKNLTENVLCLLFKHKEKLVTLAGPSSQNVRNFLSIVWVGTDSSARLCHQFVCSSIFVQNTSQLLDFLNNTTTSDVVQFVIKFILGCWHNCLRHVTSAAVIHFKEFKLADIIQNTIEKFNDQQMILAKGIIVLSYLLTDDQKNDKILENKVVGFIVQILKQASISEDGLSRRHGMSVLEVLRGIHNLSINDNNKEQIVTSGALPILVEIMKKRRETGEVLETLMIIWRLSFLNQIFSKIISEPDLINAIESLKFDTDERIRHSATGALWEIKQRNSKMPIPFGDCRPHVMISYQWDSQSTMLKVKESLKEAGFKVWMDVENISGSTLEAMSLAIENAAVVLIGMSKKYKESPNCRSEAEYAYKLRKSVVPLRLEPRYVPDGWLGIIVGTRLYFDFTSPRDYDHVMTNLLRELGSRGRLCDTVDSGRGTVRQDTSNKKSVDLDKQWTTEQLRTWLDSCHFNAANESLYALDSDLLSELRLLQSTSPDAFFSILRSDLLLRRIDILKFSNALRKL
3,TIR_DC3_4,cragig_ecTIR-DC3_2,Crassostrea gigas,Pteriomorphia,MMNSDSGQSPDKSRSQSTEDTSQNPTEQMNGQINYDELCNVKNLKNDEVLSRVSELVQALRGLDEYDRGETMKILKSIGDTYWSYRAFWVKIGDTLADEGFAEITMKILKTLNGKGIFKNDSIWFPVYYCFNTLWNYSDASLKLAKSIAENDGVRFFTINCDHAPYIKNLHSKNVYYVVKASMSILHNISRTTDIHHYFKDNGTTEVMLKFATSKDLTYEMLKVMSLLTLAHIVEEEDNDKLIDETGAIDCCVRYILKALSSEKRRHLGFTPHELMDGMSKLAVNDKNKKKIVDAGALPVFLTMLKGSHKEEQANAARAIWTLSFDKEVCQQIVEFPEMMETLESLKTSQDKEVVKNVNGALFVLKGENDVSKRPKSAKKNKGHVFISYSWNEKEVIMKLRERLKKEGVEVWIDVERMGGSTLSAMAEAVENAAVVLICMSEKYKQSPNCRLEAEYTFQMRKEYIPLMVQKRYRPDGWLGMILGAKLYFDFSGKYPFEKPWNGLMKELKGMGRLSVLENNALDKTDAPVASSSPAMFSSQPIRQSSVSSKLYQMNTEDVSNWLCSLKLDGCVPSFAQFDGKLLAQLKSMKNEAAEFYYHCLEKNLNMNLVEILTFTEGLEKL
3,TIR_DC3_5,cragig_ecTIR-DC3_3,Crassostrea gigas,Pteriomorphia,MSSRRNPVRTKSVIEGEHFDTLLVNHPELKRILRKYDKVMTKLTQMDITNKGISEESYPDIYKLLDENIDDPFQDNGGLEQRLLMGNYLAKKGFVPQLVDIYQAVWSNHDPDFFDDDLEEDEAGSDFLRLLSLIRTILWNYADGSPSFAESIVEDTQFFQYLTEDLTAVQGDLEDLDDEITNENHFPFNSTLGILNNCARNSSSKDVYTVTRLRKKDGTNKGKINMVELLEELLKTDITYVKLVVLLALSYMVNEEENKKISADETLFDFLLEMVKKAEKAKDRRQWGFSIHELINGLAKLAKNDDNKTTIMNKGAFDILKRLLKKGNQAEQVAVVNAIWELSFVKKNKVLFKEDKEVWKTLKELRNSDNKELSKAAQGAYFVINEGKDQEGAEKKAQNLFKAKKEKPDAGHIMLSYNWGNQKILLQIRDRLQEKGLTVWMDVDNMEGSILEAMARAVEEARIVLVCYSEKYKDSQNCRTEAEYAYSQKKEIVPLLMQTGYKATGWLGAMIGARLFYDFSGKYDFDKKFTELYLALAGKLVPKNTLNSIPEDAVARPLVPRSDDNTVVLMKWTKSDIDTWLKDNKLTALNLSGEQLVFLYKLFRRAPDYFYRCIEEKLGMKSLEDLMRFSDSIENLQIEHPDINRLIH
3,TIR_DC3_6,cragig_ecTIR-DC3_4,Crassostrea gigas,Pteriomorphia,MEKKKKIKERITGDITTSLSAIREGRSQGKSLDSPEVCESIRKLTKKIASIMRTELKFSEKFELGDKMCAKVLKEGTLVDDMMDFCLQHKDKLPVIAPGVDVIWRFFMNGTMFSPDLSRKISGKVGFLSYGKDVLESLYDLYVNKKTIRNQVHTLDSISTTTHNMCTFCDVTISDVRAAGFLAVYLKYLKHEAVKDEFVKGVPILTAASDIMNENDASITGNRRDVEYMIRGIEEAIQSPSGQSHGWFAFELGKIIGNLAIFDSNKKQLVKYGVLPPLVKLAKQPEEIEQITATKALAHLAFDDDNKKTFVSDTQTDVVTTLFDLARSSRYPDVRESAKGVLWTLSEQLHSSTKYADLVQELFGKKTKGHVMISYSREQRPLLLRIKQAITEAGFSVWMDIEQMRENVYDRMAEAIQDASVVLISMSYSYQRSEYCRREAAYASSLKKDRIPLLVDPGFTADGWLALMTAGDYHYDFVRKPFETKIVELIKELERRCVKSPGDTTDGVSKQVDSTQQSPHAVSSHGLPGYNVPSAHGQIYSSSPLTHAKESVQCKKHSKRWKKFSKLNQEQFMVWLEKQHLPRDIFESYRAKDIVFFAQMKEEV*
3,TIR_DC3_7,ellcom_ecTIR-DC3_1,Elliptio complanata,Palaeoheterodonta,MEEHGKFVKEGVTIEWGKKMLLEESEGEKTHHGKTDEVKEKQDKIFGNLNEAIEKIQSLQSLRDVEMKWNEDLLSSLKVLYTVFHDIKEIHTLSCADVQRYHLEAGKRLLETKTLSILCNVIIDGWQIGLKDEEGNSVNCHFEVMIQTLSLLLNYFDSHPDVANNLVSEKDFLETLKSILKSYSPENIMEEKKTGLEKLLVNYTLSLIYKISQVDMIISHLRNLDIVPIVGCYLISEDNDDRLTALALLANIIDEKESKVLQDKQDSLRFLLNNLGSALKNKSRDYNGWSAWKCARIVHRLARNDANKKILVEMGCLPHLVELAKCGTIQEQREAVGAIWVLAFDVENQKKILNNDLKIVDLLIDLKEMSKDHEVKKAVDGALWSLREELQENEKYKPFGVRSGHINKKGEKGHILISYNWSHQKMLMTIRDKLKEQGYEVWMDTVNIGGSAVQVMADAVEMAHVVLACMSQEYKDNPICRAEVEYAFQLKKEIVPLKMEKDYKPDGWLGFIVGVKYFYDFSGIYPFETKFEDLLRGLTACYGSAESETKKISMTSQIAEDKVNIMPLSATPVVFAHRDHKTSRAALRKWTSEDVDQWLQQHNLPREQLGQLTGRDIASLVKMKTQAPEFLYFYVYKELKINSLSTMDILTEALESLLYGFK
3,TIR_DC3_8,ennten_ecTIR-DC3_1,Ennucula tenuis,Protobranchia,MGSSVGTLNANAHPSPEQRDNVITQSDQSEAHLSTASYGKMAAHKTPERTMSMQKQHEKEDLMKKYGSKFNSAIKTFENCARDLRNKMDEKYYKEVYNLLETKIDGVFNKYKETEQRRFLGDKLAELQFVKAAVDYYVHLFDEELDIEGVTVGLVKESETSDDPEIKLILTIRTILWNFSDSSGDFGAAICETRMLQYLMKDLREINSEGITNLQPDDQAFVSALGILHNCARTPAPKTCFRDVDAVKHLLPFLKSDEKFIKLITLLCLAHIIDEEEYQYLAADDTIFDMLLDMIKRALQEQDHRSYGFSVHELVDGLTGLAKEEKNKKLIMDKGAHPLLKEVLKGPSEEEQLVAVRALRELAFREENKVTFLNDAKLVDDLQKLGHSKNEELAKSANGICFDLKEKDKAAPLKEQVSTVPVSGLTVPDKQKKGAHIMISYQWGNQKMILYLRDRLRDLGFGIWIDVEAMSGSIMDAMAQAIEDSAAVMMCMSEKYKLSQNCRTEAEYAYKLQKPIIPLVMELGYRPNGWLGLVLGSKLFFDFSGKYDFERKFQDLMKELGDLGKVESPRKPLNPPPPPPPPPAHDIRSAAAVVIAAGRPVTAKKKEGSLSAWKQKDVETWLKESKLESPKQLKMVTGEQLEFLRNVSKQAPEFYYRCLETKLSLSSLEDIMRFTKALEKLPE
3,TIR_DC3_9,mizyes_ecTIR-DC3_1,Mizuhopecten yessoensis,Pteriomorphia,MASSSNLDEYMAKKKNMKRTLSNITQLENKVFTQPPRYENDTEFFKSVILKTQERLLSIIKDPNFGPDKNRVFCSVARKFLGDLNNLIYYTATTRKDKFETGKIIGDELVENSTITFFCKTILKSEKDLPALSEAAKVCVDILNDIANYSAAVCRTCMDYKGMLRFIREALEMWRKPLHSGQLSPEHANHMYTFVGLVHNSCMCCTTVTATVRSSGIIKVLKEILLYPDLSNEYGMMVVAAIADIMDEGDSDSVLRKDDDYKWVRLFIDHLKEAVKCPVLQHNGWFSFECGRVLRQLSCFDANKMILVDLHTLPALVELARINEEICLFEAVTALSQLAFEPGAQKAMIEDGEGQTILLLFALAKDCTFQEIREIARGTIWTMAIPLRGSPTYGPQVTSLFSKKTRGHIMISYSREQRQVLQDIRAELEANKFTVWMDVDRMRGDVYERMAEAVENAAVVILAMSRSYKMSEYCRREAAYAGKLNKQVIPLKVEKDYDPDGWLGIMTAGSFFYDFGRKSFKSVMAKLLHELQHLAYRQGEGVDSRRKSPEAAIPTSAVPEPPPIQLSSSMTYSSQNNRIASQTSRVTYMSRKKFRDIDKQTFQEWLDNYQLPRDRFESLRPKDILFLARMKDEAPESYYSIGRRLFKDKSDPLLKTRIMADLTEALDDLV
3,TIR_DC3_10,mizyes_ecTIR-DC3_2,Mizuhopecten yessoensis,Pteriomorphia,MGAICSGKTNTAVDSLHSAPDQSDSGVQKYANHDVSAPAITTSNTNTGQGVEYISASETSLQKGSNSPGDIPDHTMPARLQETAAGTAMDLNTTEIKSNNPHLQTTFGNIEKAGVLFETEMEKVNSETYFDPILKVLKQDLSDIFEEFTSSTDRQTIGQFMAKIGLVDKLVRLYRYTIEDMYDAFTLDTLKDAGIEKSLLREIRKILWNFSDLSPGFQVAIAKPRLMFGFLAKDLQEMRKHEFDQIKESSFPFKSAVNIIHNCSRSANVTKDMYTVELKPGEDEEVSLQTCLIPFLKSSDTYVKLITLLSLAHIMDEKENKTLLGADKSLLVFLLDMIRKATSSQNRRHQGFSVEELLDGLSRLAKNDNNKGNIMNITDAYTMIKGIIERGDVVSETIAAVRTIWELIFDENNRIKVKNDTEFVEKLKDLKHSTTAELVEVASYACFVIDDSEDADTFFEDELKHNISDSMVPSKKKIWSKPSAVPPSTSPVVEKHPVSQEKPGHVMLSYNWAHQPVLLKVYDSLKTAGFPLWMDVYNMKGNVLDAMSQAVLDSEIVVICASEQYGNSANCRTEAEFARKKKKIIIPLMMQKKPDTWLPGWLDMLLGEKLYYKFYDIELDNQPAFEARMQEVVSAMGDYMRPGQPRIPPPLPSPLPDTQANTSPTTTLKQTAPSDISTTASKPKNSKQTKKTSSQIASQLDSWTEDDIETWLKDNRLHTFAGMKAITCEQLQFLVKISVKAPEFFYRSLKEEVGLKGLEQLMRVSNAIEKLV
3,TIR_DC3_11,mizyes_ecTIR-DC3_3,Mizuhopecten yessoensis,Pteriomorphia,MMDVDTGQSNSPSKSPFETSANQRSAAHSPATANADSAHMMNGDLNIDELANVKNLKESEVLVRTKEIVKVLAGLDTYENGLGMKLVKSLGDTYWGYRPHRKKIGDSMAEAGFGEVAMKMLKSLNAKGIFKTDSIWFPAYYTLNTLWNFTDASLRLAKTVAESDGVRFFTVNCSHEPFLTNLDNKNVYYIVKSSMSIIHNIARNPDVIHFFKENKTTDVMLKFVRSYEEHEMLKIMAMLTLSHIVEEEENDKLMDDTGSIEGTIKYIDKAIEDERRRYRGFTPQELMDGLGKLAVNDNNKKKIVEAGALPVFMKMLKSDSAEEQTVTARAIWTLSFDKEVSQKIVEHPDMMTSLEKLRESSDSDVRKNVNGALFVLKGENDVSRRPRSGKKNKGHVFISYSWNEKEIVLKIRERLKAEGVEVWIDIERMGGSTLTAMAEAVENAAVVLLCMSEKYKQSPNCRLEAEYTFQLRKDYIPLMMQKKYRPDGWLGAILGAKLYFDFSGKYPFEKPWNGLQKELRGIGRLSTPSATPGKDVTDGPIMATSACTAASSPGSLSTSSHAHKMTTEDVGNWLCQVKLDGCVPSLAQFDGKLLVQLQRMKVEAPEFYYASLEKKLNMNLVEILTFTEALDKL
3,TIR_DC3_12,mytcal_ecTIR-DC3_1,Mytilus californianus,Pteriomorphia,MGCSTSIAGEQKKKLDNVSSSISTSNCAGVKTIVTMQRQAETCNLSEDGDESNSEYDVLTNHGSVNPSNLINSGRNYMLVIKTNHNRTKGVFVNTDFQNAALLLNEIVSFLLHHEPSTYRSDMQQKLTQEAKENQIVEIYCKICAEILESGSSSVYPGLSPEHIEPVHTMLWYLLNCSDENSVLSGIISQQTHFLNISTGKLQQWTAPHFSGTDVKSVEGSDILEWLMTILHNIAMFEDNVPKVRDVNCIEAMKPYLDSKDNTIRLLCLATLADLVNESESEILKSNSEVFTFLMWTISMAMENEERNYDGWSLVELARIVHQVARNDNNKRTVVQHGAVPLLVKISDSGNIEEQREAVRAIWTLSFDEKNRTEMIETEKWKVIETLEKMSQSSDQTVKRISNKALWTITDHQKSLQTRIGGLQDGKPIGNANRHIMISYNWGHQPMVKQIRDSLRNSGIKVWMDVDDMQGSTLQAMAKAVEQADIVLVCYSFKYKNSDNCRAEAEYAFQLKKKIIPLKMEMNYKADGWLGLIIGAKLFYDFSGKYPFEKKTNELIREILEALNRSTKVLVEVPDHVVKSHQEPILQAEIPVMSGAQPKEGKTTVINTVRKWTPSQVEKWLDNNSLPKKLLGRLRGKDVAFLRLLVQECPSTFYQTIRDQLDLKDVKSMSDFRFALEDLDTDAHSSSSL
3,TIR_DC3_13,mytgal_ecTIR-DC3_1,Mytilus galloprovincialis,Pteriomorphia,MDVDTGQRSDGMKSSQSNQSNDRLADGQPNGDVNFDLLCNVKNLKEEELLPRIKEIVMALKALEDYDRGEGMKLVKSIGDTYWSHKGVRHKIGHVLKEQDFAEIAMKMLTSLNKKGIFKNDGIWFPTYYTLNTLWNYSDASLELAKSVAQHGGVKYFTVNCKHKPYIDNMSSKNVFYVVKSSMSILHNIARNSNVQHYFKENATSDVMIQFLQSKEEHEMLKIMAMLTLAHIVEEEENDKLIDDTGAVEGIVSYIKLALNNERGRYKGFTPIELMDGLGKLAVNDKNKSKIVDAGALPLLLRMLKQDNIEEQAVASKALWTLSFDKDVAQKIRDFEDLMPTLEKLSGSQDKNVEKNCKGALFVLKGENDVKNRPKSSSKRSKRHIFISYAWNEKEMVYKLKDRLKQEGLEVWIDVERMGGSTLSAMAEAVENASVVLICMSEKYKLSPNCRLEAEYTFQCRKDYIPLMLQKQYRPDGWLGAILGAKLYFDFSGKYPFEKPWNGLMKELKGMGKLGESMEKRADSTDALIASTSSTTTTYAAPSSSRLLKMNNDDVSEWLCSVKLDGCVPYFAQFNGKLLDQLKKMREEAPEFYYQCLERSLKMNLVEILTFTEALQQL*
3,TIR_DC3_14,mytgal_ecTIR-DC3_2,Mytilus galloprovincialis,Pteriomorphia,MDTHGSVNGNTDASNGHMIQPNSKIHTVANTSINIVDKKMATEDGKTEIDEEETEKNDETREVIDILTETDFEVKKLELLEKAKKAMKEISNSQHDRTTEGHLTESLRASILKIYNSYFWLKKSSIKRRTEYRLLLAGELILTDNNTLVIFCELCKTILHSGYRNSEGKPVGAIFKPLKNMIVFLQNITDNRDPNVCKTILEQSDFLKILIQKLHEWKELHLNQELKENDNILLTTTLGTLHNIAQDEDSIPKLREIGVIEAVLPYIDSSSEIKRLASLAILANVVNEEESRILQSNDDLITFMVKSLKKAMHSKIRRCHGWSVREITRTVRMVARNNTNKRTVVTHGTLPLLVELADQPKYIEEQREAVKALWTLSFDKQNQSEMIENKDNDCVIDIFIRHSKSEDHEVKRTCTKALWTMKDGLRSSQYYQQIVENLKLPDASKTKATNDSHVMISYNWGHQTIMKHICSFLRNSGIKVWMDIDDMHGSTLQAMATAVEKADIVLVCFSQKYKNSDNCRAEAEYAFQLKKKIIPLKMEGGYKADGWLGFIIGAKLFYDFSGKYAFENKMKELMKDVQTSLQEMTDTATILPNTDIKVQPLENNHVVSFSSTSSAKSTKMTVEIDKVKKWTPQHIAGWLDKNSLPRNLLGRLTGIEIAFLCVLVNESPDMYYKVIGEQLGVKDILTMAKLRFALEVLDTNA*
3,TIR_DC3_15,mytgal_ecTIR-DC3_3,Mytilus galloprovincialis,Pteriomorphia,MGCSSSITGEQKKNPDNVLSSIATSNSAGDKTIVAMQKQAEKCSLSDDGSESNSEYDVLTNHGPVDPSNLINSGRNYMLVIKENYNKRSIGAFVNTDLQNAALSLNEIVSGLLHKENSTYRSDTQQKLTQEAKQNQTAEIYCKLCAEILESGSSSEYPGLSPELIEPVMTMLWYLLNCSDENSVLSGIISQQTHFLTITTRKLQQWRVTHFSGTDMESVEGSDILEWLMTILHNIAMFEDNVPRVRDVNCIEAMKPYLDSKDNTIRLLCLATLADLVNESESEILKSNSEVITFLMWTISTALEIEERNCDGWSLVELARIVHQVARNDNNKRTVVQHGAVPLLVKISGSGNIEEQREAVRAIWTLSFDEQNRTEMIETKKWKVIMTLEKMSKSSDQTVKRISNKALWTITDHQKSLQTPNGGLEDGKSTGSVNRHIMISYNWGHQPMVKQIRDNLRNSGIKVWMDVDDMQGSTLQAMAKAVEQADIVLVCYSFKYKNSDNCRAEAEYAFQLKKKIIPLKMEMNYKADGWLGFIIGAKLFYDFSGKYPVEKKTNELIREILESLNRSTKVLVEVPEHVVKSQQEPVLQAEKPVMSGAKPTEGKTTVINTVRKWTPSQVEKWLDNNSLPKKLLGRLRGKDVAFLRLLVQECPSTFYQTIRDQLDLKDVKSMSDFRFALEDLDTDTHSSSSL*
3,TIR_DC3_16,mytgal_ecTIR-DC3_4,Mytilus galloprovincialis,Pteriomorphia,MFSIKPPKDQDIGKLPAAVIPTIDVTTDRKTLCSTLETINSILRHGESHQKLECVERIMLAVYGDDTKQSKNYDKALVKTKVFETMLELMKFKDYNDLLFKDDETRDLNIGIISCIMNVTNFLKGVGVAIAEAGGISLLTDICRFKPFLKILQNEHIYSFMLSVVAILHNIGRLTSVPQYFSESKTAEALVPFFDSKDERLKIYAFIGAAQTCNDSEIHMLVDTKGVISSILKYVQKATESCSYCYGGAELKELMEGIEKLASADPNKKKILEAGALPIFQTILDLDKPEEQALTARVLWTMTFDDDVAKEVKSSKALLDKLEILSKSSDKAVRSNVKGLLYNIEQRCNKKVEAENQYFAEEKPSKFKTGKQQDKHLFISYSWKEKEIVLKLKDLLQEKGLPIWIDTEQMRGSTLQAMAEAVENAALVLICMSESYKRSPNCRLEAENTFRCGKQYIPLIVQKHYKPDSWLGALLGAKLYIDFSGKYQFEPKWNELIKELQALKMLKEGEETIDTSKVAKPDQTSSSTNPKTFTINDVKQWLTSNKLENCCQHFEDVNGKGLLQIKSMRHDAPEFYFKTLSRKLKLSLGEILNFSAALEEL*
3,TIR_DC3_17,mytgal_ecTIR-DC3_5,Mytilus galloprovincialis,Pteriomorphia,MAPIMTGKMEEYAVGTKNEGDESLEPQNLIEKAGEAMTTIKENKADKTELFTQATADLVKFHSLLLKKELTEERVEQITKHSVENKTIEFFCEVCVEILESGERYQYPGIDIKYIDLLNRMLLYLVNTSDNNYELSGIIARETGFLTVVIEKLQEWKGHCFGCAQETDLKDGRQILGLLCNVLHNISVFEDYVPKIRDVNCIEAMKPYLESKDNRTRLLCLATLADLVNESESGILKSNDESIKILISTIKNGLTQEKVNDGWSVKELVRILQHVARNENNKKVIFKHGAVPVLMAIINKNVIEDQREAVSAIWELSFDKDIREKMVQNEEWKIPDTLDKLSASEDKEVKDNSTNALWTINSKHNRKSDRSNDYKNTRSGSNGHTMISYNWGYQAMIKQINNSLQNNGITTWIDFDDITKTKGSIFEAMADGVEKADIVLVCYSSKYKNSRNCRAEAEYAFELGKRIIPLKMENNYVPDGWLGLIVRSQLYYDFSGEYAPAEKVRELIKAIRYDLNNKPRAEVLEHTVHSHMKTTIHSESMVTSAKGQNKKTIGRNWTRENVQQWLKDTDILKDSMSEKEKKHLEGLSGKHIVFLKVLYRECPTTFYKTIADQLNMTDIASQTDFRLALEDINVDLQTARIDENES*
3,TIR_DC3_18,pervir_ecTIR-DC3_1,Perna viridis,Pteriomorphia,MGSACSAETDFQESFNSNSGVRIEPVDSVAPLPSTVPNNMQRSPPTRTISVLKREDEDERFQRNPQIKKVLGEFDHIRLYLETLQNKNDFDDYEDLHKKLTDKIIDPFSAQSTDEQRLLMGDHLAKIRFHEPLFAVYRKILEDHELLGGISPSLDDEDGDEPYYEAIVVIRTILWNFSDSSKDFALTIADGTELFQWLVNDLQCTFKEGLDNLSSSEFSFNSAVAIVTNCGRSGLNKSSFSVEIREKESDQLKTFQLVDVLMPFLKSKEQFVKLTTLLALSYMVNEDQNQILTADGSLIDFLLNMIKLALDDKDRRYSGFSAHELIDGLAKLAKNDTNKLKIMDKKDTFPMLKKSVLQKKSQEEMLAAVSVVWELAFVERNKKIFAGDKELMAQLEKLQKHPNKDISNTAGRTLFVIDPDNEKNLMKSVDDNKSKLEQPEKEHIMISYQWGNQKTVLNLKDRLRENNFPVWIDVDFMEGSMLQMMASAIEKASVVLICYSEKYKDSKNCRTEAEYAYACNKNTIPILLQHGYRPDGWLGILIGAKKFYDFSGFKYSFDKKFSELKYELEGFLQQQRMTSTNPQPSSNIVKAPGPAPVPHDEIFLLHWKKSDLENWLHKHDLQAFSGLKSLSGEQVGFLYKLSVKAPDFFYKCLEEKLGLKSLEDLMKFDKALEQLSRDHPDINKLLH
3,TIR_DC3_19,pervir_ecTIR-DC3_2,Perna viridis,Pteriomorphia,MFFNPGSKKSLPSGDVTKQKNSSGPDTTILKAVDNDEPEDDKVGIAKTAMNKIKGIELTIENIVSKEFRTPASSLSSVCNSLMADMDETTGKSGRDNMQNFLCHIKKYKILQYFCKSCELILKKVKPESYTGIEASHIKSLDIMLNFLIALSDQFSDASETISQQYEFLKGITDTLQNWHKNIPFKKIEMDIYWLESLITLLHNVSMYDDNLSRMRSVNTIAAVQPYLDFSNDTIRLLSLATIADLVNESESKMIQSGGDVMEFLMMTVSNALEMDSRSHDGWSLVELTRIIHQVARNDSNKRTVVKHRAIPLLIQICESSNTEEQAEAVKAIWRLSFDQDNKKEMLQKTEWKVVDVLSKLSQSEDQRVRRISNKALWTINDQKETSFKDKTSIDEKSTKPLESEQHIMISYNWGHQSIAKQIRDRLTKAGHKIWMDVDNMHGSTIQAMASAVEQAFIILICFSYQYKNSDNCRAEAEYAFQLKKKIVPVKMEIGYKADGWLGFIIGAKLFFDFSGKYQFESKIAELIREVSNKEKKSSDKMPVVESSTVAATSPPVKHHLDRIGKIRKWKESDVEKWLTKHDLSKEKLGILRGKDVAFLCLLLQESPDNFYRILRKQLHIKDIASLANIRFALHDIVNKHSS
3,TIR_DC3_20,ruddec_ecTIR-DC3_1,Ruditapes decussatus,Imparidentia,MKVESRGTSIECNTACNMSSIVLPATPTRLHHHPDHRFHSYRQKARNDELSLENLGIRRNERLKTVLQGLESCKRYLENTENRQPEYFEHINRKLYDKIVNVCIQHKDADERIIIGNKLSRIGLVDTLAEVYDFVRNTLKIRGLTDSHTWGTEDDGIQLLLTIRKILQTVSKFSENVVRTLAETDFYSALLDDLRCVTKQDIIHLEKLDLADDDIFVINSAMNIMYECVRHPNTKKERFRQSGIVRTLLPFLHCKNLPVKLRTVLMLCYLLTEEKKLWSEVPLDFFDFLMESINDALLAKDRRVYGFITSELVNGITALQFCFPDKSYFINKHPLSVISNFLVCSDQADALAAVKLVWEISFCEQNRQVLKEIEGIVENLENLTYSSNTAIRFSAKRALFVLAKQRNRIRNLGLVSRMDVSIQHTMICYNISDQKTALKVYHYLSSHGHPVWIDVAELNKYTDSLDGVLRAIEQSNNVVVCFSENYASDPSCRLEAEYAFKLKKRIIPLKLQTGYEPLGWMTSVIGSRFYLTFTRDRSFEKQMSTLRDYIQGSSSTSAIGSPISRAMSRAYMSRGPSRAISRGISRVSTRVQSCCPVYDKKVVNWNADDVMLWATQFKLEGRAWRLVSQFSVKQILHVYNVWRKVSRSI
3,TIR_DC3_21,unitet_ecTIR-DC3_1,Uniomerus tetralasmus,Palaeoheterodonta,MGCGPSTHVEPVITVASTAAQPLPVINVGGKRPNFKKRQDSGSEGYASDESESDTSQQDIVEMPEPEATQKSLLRTVSRMQAENAQNLVKKYPELKPVLKSFNDAISILSQRKKWTEDHNEPYLKEVHSTLKQNLLDNFQKFNHEEKRLVMGNHLVDEGFPKLLFEFYVYVFDAADIQAFNNKLAQEAEEDETLIVLMTIREIFWNFSDSCPAFSREVAVTGLFKYLIDDLLAIKDDGLEVLEEESDPFAFTSAVAILHNCAHNPDTERKIYRDVNAVDSLLPYLESKQPKIQMVTLLALADMIDDNECDKIQGSENVFKLLRDMIKEARQADDRRKEGFCVSELIDGLLGLAKAEKNKTLIMDTKPLGIFCKVLEDGHEKELLSVCKVVRELAFNTNNIGKIKEEKGLYMKLTELQAHRNKDICASARGAIFQLQEHDDSTVAVGTPSGLPPIPDEVIGVTGTVHVHASTKKGKHFPKRHSRDELPWHGPHIMISYNWDNQQEIIKIRDVLVEHEYNVWLDMEHMHTYMLDAMAQAVEKAFVVLVCFSEKYKLSQNCRAEAEYAFHKHKEIIPLKMQAGYNPDGWLGILLGPKLYYEFSEAFSFEEKVKDLLNAIDKLPNNPKYEPMGGSSVDGPSAPLKEAKIVTGVHTVPDAHISPVIPDIVKTKDEVNQWLRKSKLDPTKLKKLQSLTGEQLVFLKKVSVKAPEFFFRCLESKLGLDSLEDIMNFSNALEKLSVR
4,TIR_DC4_1,arcisl_ecTIR-DC4_1,Arctica islandica,Imparidentia,MNRSSNYDFFILYDENNDLDRDCAMKILDFLEGHHLRGFAEFRDSTPGQSVFKNFENALKNSRYVLVLISSDSIKDKWWERQTETTLHHRLQSVERDTVVPIYLPDLNMDELPLSLGVFQGVHYNRDPSSAFWNKLVKVF
4,TIR_DC4_2,argirr_ecTIR-DC4_1,Argopecten irradians,Pteriomorphia,MSTENFDFYICSHQTDNAVAFQILDYLEKEDGLTGFHEERDGIPGRPVIVNTTDAIENSRYILILFSERSMEDGWFEMKVYSGLSHTLNSARRNRIIPVYIVPFSGEPPVPTCLNSIIGIEYRNEPVFFNKLSRIFQT
4,TIR_DC4_3,atrrig_ecTIR-DC4_1,Atrina rigida,Pteriomorphia,MADEDENSLYDFYVCHNESDNAAAVKILSFLENVGLKGFQEERDGHPGWSSFKIIEYAITNSQKILLLLSKQAIADNWFDLKVSSSLQHRLDNPLLMGSIIPICIQDQESLDIPPSLRTIIALEYDDRDTSYFWRKLKNVFK
4,TIR_DC4_4,hiaarc_ecTIR-DC4_1,Hiatella arctica,Imparidentia,MENYDFFLLHYEEDERFAVSMLKHLEQNGKRGYLECRNARAGASNFSNLETAIENSRYIYLLISPDAIVNKWWERKAHIALQHRLESIQRDTIIPVFLPGLRNEDVPTCLNCLVGSKYEEDRTNSFWTKMLRILD
4,TIR_DC4_5,lamcar_ecTIR-DC4_1,Lampsilis cardium,Palaeoheterodonta,MAEGNENHLYDFCIFYQELEKQDRDVALAILKYLEENEHKQLHGYIEERDAMPGLTFINNMDNVITNSRLIIVILSQAALECNWFELKLHASLAYRLNSNLRNTVIPIYVGHFKTLPPSLITIDGIEYDADKQSRFWKKLQRLF
4,TIR_DC4_6,mermer_ecTIR-DC4_1,Meretrix meretrix,Imparidentia,MATNDESFDFYILYEEENAQDREYAELILNGLETHQSLKGFVDFRDAIMGQTIFKNFETALNNSRFVLVLISNESIRDKWWDRQVETTLYHRLHSENKDSVVPVYLPNFNMQNIPVPLSILNGVCYESEPNSRFWRKLCRVFQ
4,TIR_DC4_7,mizyes_ecTIR-DC4_1,Mizuhopecten yessoensis,Pteriomorphia,MSGESYDFYICNHEADNDKAFQILETLEKKNGLKGFHDERDAQPGQYVIRNIEKAIESSRFILLVLSEQSMEDGWFEMKLNTGLTHRLYSALRDSIIPVYVAPSDGELTVPTALNSIRGIDYSEDPRFFDKLSKIF
4,TIR_DC4_8,pinfuc_ecTIR-DC4_1,Pinctada fucata,Pteriomorphia,MDDLNDFEYDFYICHHEDDISVATKILEKLESDNVVKGFQEDRDGHPGMRNLGVIEYAIQHSKYILLLLSPSAVQNNWFEHKVHTSLQHRLDNPPLISTVIPVYMSGMDSEQVPSSLRVIVGITYENTDNFWSKLQRTVKSVVNSW*
4,TIR_DC4_9,plamag_ecTIR-DC4_1,Placopecten magellanicus,Pteriomorphia,MSRESYDFYICSHQADNDQAFQILEILEKEYGLKGCHEDRDSLPGTPLITNMTDAIENSRFILLVLSERSMEDEWFEMKVNTGLSHRLNSALRNSIIPVYIAPPGGELPVPTSLNSIAGIEYSDEPSFFNKLSRIF
4,TIR_DC4_10,solvel_ecTIR-DC4_1,Solemya velum,Protobranchia,MSEKKNYDFFMICHEVDTQYARQILEYLESSENGQLNGFYDERDAEPGKTLVHNLEYAIEHSKYIILILSKQSLTDKWTEFQRHAGLIHVLNDREGNNNVLPIYVGDIEEKDIPLSLNVFSGIAYSSDLKSSFWTKLKKSVD
4,TIR_DC4_11,unitet_ecTIR-DC4_1,Uniomerus tetralasmus,Palaeoheterodonta,MAEGNENHRYKTYVYDFCIFYQEEEEQDRDVAMAILKYLEENGDRPLHGYIEERDAMPGLTCINNMDNVITDSRLIIVILSQAALRSNWFELKLHASLTHRLNSNLRNTVIPIYTGHFETVPPSLNTIVGVDYDADRHSRFWKMLQQLF
5,TIR_DC5_1,cracor_ecTIR-DC5_1,Crassostrea corteziensis,Pteriomorphia,MVKHPAMDPEETRGRTVHDTDDINQFDSVSNVRSQPERIKDPPKSVQRESSHLQSGSGRREHLVPPNQTKAKKQKKTIFISYSPDAGFTERKFVVETVRQLKENNLAEDIWFDKDEKNTDSPCWFSLRMEAVEKCRAAILILSDSYLMCPVSVYEGKTLVERLKVDPTSVAIFPVMFSSLEKTEMPKEFNLLARDVVELTSADNHKLSLAEKTSVVIGSIMEELEKYASIHTPPAPSTPPDTEFTGEFKRKKICQWSANDLQEWLFKLGIKEFYRQSLAECMVDGFLLMSLTDQDMIHQLGIDSRVVRKKVMQQILLTLDREHRQPDNWHLRARTQRSKPDVIYLIYDPTDVRLAQNIKADLKKKNLQVIHHDSVKLGKSKEEFLQINGPQVAMATQVIVLLTEAATGSPFVFHEVLFADWLGKKLVSAMFKNVWTNLRASLKAVLGECPAVDFETKMYGESLDVLEHHIKPLRRVPGVVLEQSYLNKMAEGLKPLELLAYSRNGVVSLTPSEDDPQVFISYQWDMQGKVEDIKQLLENNNLQCWADVSITQPPRGHSSKSSRSGVGHHDAAPETLQSQIQRNMKAASVVLSCITPKYLQSDNCKKDLTLAETFNKPVIPVLLRFSPQESAPEQVRKILAKFSYIDISNERLYKQNIPLVLEKIKKAVSQRGGY
5,TIR_DC5_2,cragig_ecTIR-DC5_1,Crassostrea gigas,Pteriomorphia,MVKQEAMDPDEMRGRTGHDAEDINQFDSVSNVRSQPERVKDPPKSVQREGSNVQGGGKKENPPNHGKSKKLKKTIFISYSPDAGFTERKFVVETVRQLKENNLAEDIWFDKDEKNTDSPCWFSMRMEAIEKCRAAILILSDSYFMCPVSVYEGKTLVERLKVDPTSVAIFPVMFSSLEKTEMPKEFNLLVKDVVELTSADNHKLSLAEKTSVVIGSIMEELEKYASIHSPPTPHTPPDTEFTGEYKRKKICQWSVNDLQEWLFKLGIKEFYRQSLAECMVDGFLLMSLTDQDMIHQLGIDSRVVRKKVMQQILQTLDREHRQPDNWHLRARTQRSKPDVIYLIYDPTDVRLAQNIKADLKKKNLQVIHHDSVKLGRSKEEFLQINGPQVAMATQVIVLLTEAATGSPFVFHEVLFADWLGKKLVSAMFKNVWSTLRASLKAVLGECPAVDFETKMYNESLDVLEHHIKPLRRVPGVVLEQSYLNKMAEGLKPLEMLAYSRNGVVSRTPSEGDPQVFISYQWDMQGKVEDIKQLLENNSLQCWADVSITLPPRGHSSKSSRSGVGLHDGGSETLQSQIQRNMKAASVVLSCITPKYLQSDNCKKDLTLAETFNKPVIPVLLRFSPQESAPEQVRKILSKFSYIDLSNERLYKQNIPLVLEKIKKAVSQRGGYRDY
5,TIR_DC5_3,mizyes_ecTIR-DC5_1,Mizuhopecten yessoensis,Pteriomorphia,MNTEQLDVIENSVTVEIKDKTEDINQFDSVSNVRSQPDRSRDMLAKQALKDSTNTQHMDSNKRVEGGGTTYSQEMVPHMAPPQKMKKVKRGIFISYSPDAGFVERKFVVDTVRQLKENNLAEDIWFDKDEKNTDSPVWFSLRMEAVEKCRASILFFSPSYFSCPVSMYESKTLLQRRRQDPHSVAIFPIIFSPLDNTDIPKDYFLLIKHAVDLSKDHFKKSLAEKTSVVIGGIMEELEKYASMNIPPTPVTPPDTEFTEEYKKKKICQWGASDLQEWLFNLGIKEFYRQSLAENMVDGFLLMSLTDHDMIQHLGIDSRVVRKKIMQQILITLDSEHKQKVNWHLRARALRAKPDVIYLVYDPADVRLAQNIKADLKKKNLQVVHHDSMKLGKSKEEFLNINGPVMATSSQVVVLLTEASTTSPFVFHEVLFADWLGKKLVTAMFKNVWTNFRASLKAVLGECPSVDFETKMYNESLDVLEHHIKPLRRVPGVVLEQAYLNKMAEGLKPLEVLGTVSPGGGQSQYHTDGEPQVFISYQWDMQVKVLDIKQMLENNGLQCWADITMASTTQPRGHSSKSSRSSVTLLEVGGETLQSQIQRNMKASAVVVCCITPKYLQSDNCKKDLTLAETFNKPIIPVLLRFSPLESAPDQVRKIITKFSCVDLSNDRLYKQHMAVVLERVKKYVVPRGYS
5,TIR_DC5_4,mytgal_ecTIR-DC5_1,Mytilus galloprovincialis,Pteriomorphia,MEGENHNDNEVTLEIKDKVEDINQFDSVSNVVSQPDKSRDNAKSVLKDTTNLSHVKKHDIVPSLGTPMKLKKMKKGIFVSYSPDAGFLERKFVVETIRQLKENNLAEDIWFDKDEKNTDSPCWFSMRMEAVEKCRAALIFLSDSYFMCPVSVYEGKTLYERKKASPMSVEIFPVLFSSMEKTELPREYSSILKNLVDLTQQHTKLSLAEKASVVIGAVMESLEKFATINTPPTPITPPETEFSGDYKKKKICQWSPSDLQEWIFKLGVKEFYQQSLAENMVDGFLLMSLTDQDMINHLGIDSRVVRKKIMQQILQTLDKEHRSVDNWHLRSRAQRSKPDVIYLIYDPTDVRLAQNVKADLKKKNLQVIHHDSLKLGKSKEEFLQINGPHMATATHVIVILTDAATLSPFVFHEVLFADWLGKRIVTAMFKNVWPGLRPSLKAILGDCPAIDFETKMYNESLDVLEHHIKPLRRVPGVVLEQSYLNKMSDGLKPLESLALVKNGATPVTKEDGDPQVFISYQWDMQGKVEDIKNLLEHNGLQCWADITINHPPRGTSSKSSRSSVTHQLDSGLETLQSQIQRNMKAASVVLTCLTPKYLQSDNCKKDLTLAETFHKPIVPVLLRFSPLESAPDQVRKLLARYSYIDLSNDRLYKQNIPIVLEKVKKLVTHRGYS*
5,TIR_DC5_5,pervir_ecTIR-DC5_1,Perna viridis,Pteriomorphia,MSGKGGENNLVTLEVKDKMEDVNQFDSVSNILSQPDKSREPTKSVLKDTTNLSQTHVKKMETVPSLGTPLKLKKMKKGIFVSYSPDAGFLERKFVVETTRQLKENNLAEDIWFDKDEKNTDSPCWFSMRMEAVEKCRAAIIFLSDSFFMCPVSVYEGKTLYERKKAAPSTVEIFPILFSTLEKTELPREYASILKNMIDLTQEHGKLSLAEKASVVIGTVMESLEKFATINTPPTPITPPETEFTGDYKKKKICQWSPNDLQEWIFKLGVKEFYQQSLAENMVDGFLLMSLTDQDMISHLGIDSRVVRKKIMQQILQTLDKEHRSADNWHLRSRAQRSKPDVIYLIYDPTDVRLAQNVKADLKKKGLQVIHHDSLKLGKSKEEFLQINGPHMATATHVIVVLTDAATLSPFVFHEVLFADWLGKKLVTAMFKNVWHTLRPSLKAVLADCPAIDFETKMYNESLDVLEHHIKPLRRVPGVVLEQSYLNKMADGLKPLESLALVKNGVTKVTKEEGDPQVFISYQWDMQGKVEDIKHLLENNGLQCWADITINQPPRGASSKSTRSSITHPLDSGIETLQSQIQRNMKAASVVLTCLTPKYLQSDNCKKDLTLAETFHKPIVPVLLRFSPLESAPDQVRKLLARYSYIDLSNERLYKQNIPIVLEKVKKLVTHRGYS
6,TIR_DC6_1,cragig_ecTIR-DC6_1,Crassostrea gigas,Pteriomorphia,METLILNCDFSNVNDETTNEFRSERKRYKEQLSSLDYVGILSIVNAFQTKVCVSGFPGARSPGSEYADLILTTILQTIRWKVDENIFPSNKVEERLLALYIELLKSGPGSGHCELLQLITKHVEFQDLYGDSLQNVIGGFKEIFYVEGGNDSIYIDTVKRVYPDQLSTLVIRSDKEDRLRSPEVHRALMDLFVFYLVQLPHVPDTLQTVLIRAQDKIYQAYHMQPFFGIQDAGFYRSQLLRVVDFIKDPKFPQNRQICETTYRKLPNILQIKDGKMIAEVYADICQLLKEISLKRLTGENTDLLKKLDCFYKEIPIECFKNPQIFETWAATSQEILEKSPHEKITGNELAYTTDRFTDNLKPNANLGKIWLSVIGGFCGWVHEKLMRAAERTLSTNQWKSCWKWKENMSIAKAMIKALTNADYSSVENAEDYSSNAESFLEKLLDQLILVKVFKDVEVEVAELTMVTMEAFGKGVAVDRLCRTASEKMSLMNNKHLIKGYLERFLCLLKNEDFDWDGGWITTAGVDFFNNLIKSSGGDEVRDLEMDEAFIQVFLFCLSEDREYISLQRQHLNIFGLVAVAGLPQYTNLHTGKTTIGRLKPLFPHIQRLMDDDDEMIKTVMRTVTRILGEEVTQLMDTQGMENLINLYIKERDLATLDAISSAYEGHSEALASHFLPLLKASTQKTQTNEIVMQTMFLKKVAEKQPELFTKEALELIFKHHFMEKNANPQVLMVLDVVSKSHAENLEPFVESHLMKTDLMMELMAHYQFNILIRIAAKCNDKQSLVYSYLMKRLHESNIEQVLIASIQGLREMHSVFGTDIFTQKDKMYIEKIKEKGASKTVTDLVENLLNELEGRSIAKVSKDVEEHSGQIEKLEIGVAGTKVVLKKVHRDVKEQGEEIEGVKQGLGEVNTRVDEVEMDVADTKERVEEVDKKTMSNAPIWSRDVTKLLNPESEHDWRLLASRLGYSPDDIRGWATQSDPCMALLSEWYATHRTFEASRGVLTILQEMNRLDAAIIVENAMKAAEGVVTDEPVDYPEPPEIFLSYQWGHQNEVKLICRHLEMAGYKCWMDIGQMGGGDKLFEKIDSGIRAAKIVISCVTEKYAKSPNCNREVNLSVNLGKPMIPLLMEKMAWPPAGSMGPIFSEYLFIRFFQRPGEETNDDRIWPAAKFTELLMQMNCLKIMPDEENIATMYKNWWMPVVEEIVIPKRNEKKGENKAASSGQENRESQVVSPDVFISYQWGKQKEIIALFQRLTSLGFTCWLDIRQMGGGDSLYDKIDRGVRGCKVMLSSVTTKYALSANCRREVSLADALKKPIIPLLMEKIDWPPTGPMSMVLTQLLYVNFSKDESIQLSWEGKYFDELLSKIKQHVPTAKIEEIQTNSSKQEKNTKDENSVTNGNDQKQRKQETEKPSYPEQEQPRVNESSTKNSANTVQNEDQQSQVDKKKSSTCSIL
6,TIR_DC6_2,macchi_ecTIR-DC6_1,Mactra chinensis,Imparidentia,MARVTFGKYIRSINYLDAKKEYEDSDDDPSNQLIDYERQCNQDDTFSFDELQDAHVAFREKVCIADFPGRHSPAYWVAYSTTCVMERLTSDFDDDDKVKVIGNQHVYTWLALLRARPCSAHLDLMSKFASNQFEKYIEDCDDKELCDIIKQMMIKFEYHSTETEDEQTYSSFLNNEVKHLFGAIPQERCQKPAIQLEIIKVSMHYQKQLPTMTPLLAQYVGYIMSDIERMFPDKKMYKNCTDIEMVKSHIKILQEGACTFEGDMETIETERTLSDIIHAAMEGNFVHSIFSDLMTFLTQFFSRKTPLKNEDRLYRVYKRDLFGELKDSNTKSQEMFLPCVKMMTSLLAHKEKLEKHQQELLNEVLLCEIFKVQNITPDNTKELVKLFGVMVGTGRVKSVQTVRRYLRDNDDNKTFKKVFEWKNLLKETEAVFEIIGDLTCDNMEMTRNDYAEFIDTCSEIVEKILQYLRKGKCLDFIQKSQVKLVFKCISVDSPHKARIANEASDDKVLTVKCTDKELVTDILEHVNNYIKPDNVTLDRFTKSAVMSVLITVIESYQTNSANMTDVQNGLLTNIFTTCCEGTSPDDRFFGQDDDDEDTPSFFFQLYTGPLMLYILVHAKSKTLKQCEPVIKEVIRWAKIGIQQDSEELASRSLDILTLLSVGITEDLAGILPDLLDLFMVVDDVSSLLHLLLEMYSFDPEKYHTMISDIINKMEQSSDNVAISVGTLLDKISSKHPQAYNEEHVKNILDYCSKSEASRQSVFFQIVLHVAKQCPQTVRPHLDKIMNDKSFANEAMIFRVMVLGCIANLDQPSCKKIIDYAVGHLHIEDPMVRQQILTQILLLAEKNREYLEQYTEHFECMESGSNSPDVQKTCRDILNVIEGKSIEGVIDDIQQAQHDIAGLDDKVGKTMTTVVSLGDHVIKQGQEIDDVKSDVKGLEEKVEQVEEDLGETKIKVEDIDNKTLSSAPKWSRDLTKLLNPEDEHDWRLLAKRLGYSKDDIKAWAQQHDPCMAMVNEWYTTHKASEATHGLLKNLQEMERADCVAIVENAMKIVDGVVEDEEFEYPTPPPIFISYQWGIQNEVKLLKQHLNMAGYECWMDIGQMGGGDNLFQKIDNGVRGAKVVISCTTEKYAKSPNCNREVNLSVNLGKPIIPLLMEKMSWPPQGSMGPIFSEYLFVRFFQRPGEETNDQRFWPVPKFQELLMQLNFFVAPDSNMIHSDYDKWWLPIQEEIKLPSKNNTTKPNTNTTSDNKAPETESDSPDLFLSYQWGRQIQVKALYDRLTGLGYTVWMDIFQMGGGDSLYDKIDRGIRGCKLVISCVTPKYALSANCRREISLADALKKPIIPLLLEQMRWPPEGPMSMVFTEVLYVNMYRDPNIQKSWSGKSFDEFLTKVKQQFPTDMTDVSKKEEAKSNQSSQIEKDDSHGDAKTRENGTENNDAISIKPKTKETNKGEAVVASSPTAKHSTPGKTSNDGQKKSKSCVLI*
6,TIR_DC6_3,pervir_ecTIR-DC6_1,Perna viridis,Pteriomorphia,MDKIIQKYDYVKATEEDEHALQAELNDLPTGDIAETINISDVKNIINIFVQKICKKDFVAKVPRYSPGTWMSSGTAQILLEIIDYAVDNNRITESEALDSIFDLLVAIIRTTPGTSHYETIEKLEEYGEMSKYLKSLTGEKLEQYASALKAHEFIQENMSLEDLCGLMNSYMSRLVEYIVRDREDSKDKHIWTVFLDLYLFYMLHTSDVPDELHEALEYCGNVFWYHYDRNPFKGYPDTKVLSQHMEKIGTFIMAPDFPRGRQLRVKDYIEYLVEIKSDQLIEVFPEMMGLFKSICLSKKAKEMEKIIGTFRHIFDKLDKKALEKNPKMFESWATNMIEVLGKMKDKMLLCNVLDRMISDMMDTYKPSKGDEKYWFPLVRGMLAIPDKSILGRVKHIVEEKKLRRMWNWKDNIDEAKAWIAVVDRLDLPTEDTCDDFWQVKDCASNCGEVIKELIEMLQIVKLEHLIMPEIGRMTMSHMEKKIVENNNMVDRYIGKIDFEKCTEVVPEIAKRFEPLLMDEDYPWSDITVRMNGLHLFDLCFEPYNNSEEIPNEVNEVVMKILDYSMDDDREFINVEDGQETLFALLIAHAAIFITMHCSKGTGRLVIPVLKKILKFRNSDEEFLQKAARDSLTIAGALSPEIMVEILDPLIDWYIEDQPSELLSIFPRILVLNPEPVKRKMDDFLTACKKDSENCSSHVTTFYTMAEKHPEVVTAKVMEFFMTDYYNKPNCKPQILMIVHFGTTVHPEYFEPYIDTILNDKSISKMEQHWANLAIVNVAKNNEKFKQPVFDYLMNVLKIANDETRYAVTLTALRDLCIRYGPDMFSPHKEYLIQRRDTEQSTNVQQGFAALIDQIEGRSLETVEQDVKDTNIAVDKIDQRLTGNEETVAVLSTQVEQQGADIQELGEGLDTVQQRVDLAEKDIEETKIKVEEVDMKTMTNAPRWSRDLTKLMNPKSEHDWRLLAQRLGYSNDDIRAWASQHDPCMAVLSEWYATHKTREANFAVLTALQEMNRLDGAAIVENAMKAVADVVEDEEVDYPSPPPVFLSYQWGHQNEVKLIRNHLHMAGYECWMDIGQMGGGDKLFEKIDNGIRGAKVIICCVSEKYAASPNCNREVNLSVNLGKPMIPLLMEKMSWPPKGSMGPIFSEYLFVRFFQRAGEETEDDRIWPVAKFQEMLMQLNCYNIKPDENLIDDMYKNWWIPVQEIIVIDKSKKNQQQAQIKPKQEDSTEENKSPEIFISYQWGKQKQIIALYQRLTGMGFNCWLDIHQMGGGDSLYEKIDSGVRGCKVILTCITQKYSLSANCRREVSLADALKKPMIPLLLEKIDWPPSGPMSMVFTQLLFINFYRDEEVQMRWDGPKFDELLQKIGEHVPMILPVDEEGRVEKDDNIEKQTEEKGESNENPENNEVKPVKEEKNEENGNERKTSNAARPVSSRNRRGAGGPQPTENRPTSVLQPKPVYTEPVVAQSTERAPETARQEQPREAKKSKSCTVL
7,TIR_DC7_1,amuple_ecTIR-DC7_1,Amusium pleuronectes,Pteriomorphia,MADDRKSQAGFFSLCLNTAHNPNTKHLNYRIAVADKLLNDFSSLHMSKNAILNLKGIFKFYSRDQLKAAIVCFQKVLERSDKNKNAIAHLISVYQRLHINSKAKQYKEMQEQFEKKWKNRGALSEKFEYSVGGKSGEDNFEFLFEYFEAEALAEQGIAFFLDCYSEEDEWVRSDRSLKLFVDSLELIRKIKTHRLGQETLKDVEHLELEVKYWLGQCYQKVHQGITRRDSTVEQPCCKDSYREGIQCLWDITRSEMAANDLKAWAWAFLGVFFFKKPKDPKSIEQYIQDLGLTEEFNEPKICFDRAIDLETEGHRSTETRIRYATYLRTFRDQRKLEEAVDLLHDAWKLCETNGNWFAMTMLSQVYMNMYRLLKTKAPTSTLDPEQESESKSCAVFLDNAIKYGEEALIMNTTAMDLANVAEAYYLRGLKSDGTIDADSEDAMNAAEYFWQAVQCLGTEKKPEIHKKHGVFLKAMGEDRQAIECFKRGMEVDIPNRPPDNFDQLFNTFLQMYSKERKDDESGQEVNDDPQRSSGQSLGVEAAHQDTANEILQNVSPSESGIIDDLELDGSVSTKVKTEPLDIALNTNKESKEPEKTWPYEQNMVLYEMAYWYQYATRHYKLTALTKYTKNYIKNFQEEMSMMQAYLELETNIENRNSGPLRVIEDAIRSGKEGVEDTSECEIQESYRQKVIHAKQLLTYKMKEGEEKTEKQATHCSQCSQPFPEPFARQNSVIPELVLQPRNTYYRYDFYVIFSRSERDWVYYSLLQKLEKSYQFKGAIPERDYRLGHNVFSEMERCIKESLKVLIVLSSNISVREEMKSMYEINIALTLHHDLARGHYIIPVLKDDNCLPPRQLSTLTCVNAVQSNAWEKIVLALESK*
7,TIR_DC7_2,cragig_ecTIR-DC7_1,Crassostrea gigas,Pteriomorphia,MNGKERWKVYKERPGLFHISLTASQNPPAQQIKHRIKVTEKLIRDFPEGFTNKAARNLLGVLYFYDGQYFQAIETFESILEHQPDSLTALANVAFVYQRLKQNSKATKYLSDLSDEQDQEKSGISLADQAFAFIFDCYMEKDVIERNKLPKELLVQSLAMLEKCHDQQTIMEIKFWLGQTYYRLSTQCYRRKGMEEVEKEYVLKGFNELVEIINMTDKTELCVCNGIVSTTWSFLGLLLSRKEKIDDKIKNRIEELDLLQYLDNPESCFKKGLEQAKVSTLDGSNLSGPPTELLIRYALFLKNEGRLTDALEKLNEALEIDNSQGNWFALTLKAGVLRRLERIDESIADRKLACSWNATSMDLSELAKAYQAKYVLCEDKNSKIAQEHLLNASDCFTRSVLSLGQEKRPEIHRAHGRFLREIGEIKEAIECFKRAMEVDTANKAKTSFCQLFETLLLYYRGSKDSERRKIMHEMTYFYDVTLRKHRELTKETEQFLTNYEEEMATLTAYLKHSRSDPLFNVNGKSVSDIITSVVKEDAIKKWLIIVEEKETYFINQEETKLAEKKNNLCLKCRSPVIERQLSVFPDPREKPRSMKYPYDFYVIFSPADRDWVCHILLETLEVSYGYKGAIAERDIRPGSTDIYERVKLIQNCSKILVILGQEFEGNLECEYELSHALKRKHEDNLENVLIPILRNVDGLHQSLRTITFLDAVDDCDWNKLIKAMESMP
7,TIR_DC7_3,cragig_ecTIR-DC7_2,Crassostrea gigas,Pteriomorphia,MADIDKKEIWEIYNERPGLFQISLTASQNPPAQQIKHRMIASGKLIRCFPEGFTHRAAQNLLGVLYFYNGQFYQAVKTFEKALQLQPDSLTAMANIAFVYQRMKQNTKVTKYRARLAEVKENDQERKGIALAEQAFAFLFDCYMEKDALERNKLPKELFVQSLKMLENCEHHQTMITEIKYWLGQVYLRLFSSCHRRKDMEDIEREYYMKGVKELVEITKIDHSNVKLYIRREVISTSWAFLGLFLIRRGSILDESGNYKRKTIDQMDEKIKALLQDLELVQYLDDPEKCFQIGLEQASTSVTDSEKSCEPRIATELLIRYAIFLKTEERWEEALKELNEALEIDNTEANWFALTVKAEVLDNLGRIDEAIEDRKRAISWNTTSRDICDLAKAYQKKYMSCEDKNSEIAEEFLLNASDCFTRAVQLLRQEKRPEIHCAQGIFLREIGEIKEAIECFKRAVEVDTATKSRISFRHLFESLLFYYRESLDSEKGKIMHEMAYFYDVTSRKHGELTKETEQFLTEYEEEMATLTAYFQHYRQQPSLYSNGKTMSDIITSVVKEDDIEKWRVTVEEKEKYFRSQEETKLAKKKKEVLCSRCKGPVIERQLSVFPDPLEKPRSLKYPYDFYVIFSPTDRDWVCHILLETLEVSYGYKGAIAERDIRPGSTDIYQRVNLIQNCSKILVILSQKFEGNPECDYELSHALKRKHEENLENVLIPILRNVDGLHQSLRTITFLDAVDDCDWNKLINALESKP
7,TIR_DC7_4,mizyes_ecTIR-DC7_1,Mizuhopecten yessoensis,Pteriomorphia,MADDRKSRAGYFSLCLNTARNPSPKHLNYRIAVANKLLEDFASLKMSKNAIMNLKGVFKFYCKDQLKTAIDCFKNVLEVNGNNKNAIAHMITVYQRLHMNSKANQYKERQEDFDKQRQNRRGLDPECEYCVGDIGQDNFLFEYYDAEALAEQGIAFFMDCYTEEDEWVRNDRPLKLFVDSLRIINNIKGLKLQDQAQSYVEQLELEVKYWLSQCYQKVHQGGGRRDDNMQQPCCKDSYCEGISCLRDITTSDKALPDLKAWAWTFLGVFCFKKPQNLQGQKLVDFEKYVTNLCLKEEFHDPEICFRKALELEVRRSTETRIRYATYLRTFKNRDKIQHAIEWLHEAWDIYKKSGNWFAMTMLSQVNMSMYRVLTRKATNPAEDTEQEHESEKKSSAEYLNDAIKYGEEALLINTTAMDLANVAEAYYLRGRKNDGTMDGDSEDAMQAAEYFWQAVQCLGTEKKPEVHKKHGVFLRAIGEDRQAIECFKRGMEVSVPTKPADNFDKLFETFLEMYSKEREVNTPGHHGDDSNESDTGQTDEKVAAGKNDVSNQVFERDAEHTAVSVQETKISAEPSIRTPQSATADDQTKDPLQDNPRDIEKGNETVSSAPSSESAQGIMDLELDQGLPSQEQEVMSLDNMSKTNEETEQSEETWTHKQNEIMYEMAYWYQYAIRNFKRACLTKCTSKYIKCFPEEMSMMHAYFKLGTDSERRNSKSLEVIEEALQSHTEPEKADTEPEPKSEMKKVYEKKMDYAKKLLSDKMKKKENESELPESHCKNCSQPYPQVLSRQRSVIPDVVPRPRNTYYKYDFYVIFNRSERDWVYYSLLQKLEKSYQFKGAIPERDYRLGHNNFYEMERCIKESLKVLIILSSHESKQEEIKSMYEIDFALTLHHDMARSHYIVPVLKDDDCLPPRQLSTLTCVSAVHSNAWEKIVLALETNH
7,TIR_DC7_5,mytgal_ecTIR-DC7_1,Mytilus galloprovincialis,Pteriomorphia,MRTLLDNPLQKHRYIGQNITKLERFIMNNPKHLNTLADLAEMYRTINLIQKAKVIDDKIRKILESSDPNDIKEKAICTVEQGYAVLFEEDTENEIEAQQKLFDSFELMKAEQNISVGERKCLLSRASNHTVNARRLLCLAINYKHDESVIDEKKQSMEMFQKGIRCLRDTSYSMENIYIWTYYHAMACYRMHDITNVIGVQAVELFWSVIVNLPKDNKRYSIYRARAYAYIGQKIVSWTEAFYDDLTNCSLSSDVKFQVILKAPMSAFELAIAELPDDEVILSRKGLSLWSMSTNGSAVPENTKFEYLNEAEKTLSYSISQNPRIHLLAFSTRMKVYMELSSSTKYSLGKRKHFLHKALDDGKVSIKSYLSPRDVFTVAKVCQRLAKFPKFHLDGPEAVSDRSYLNEALDYLNQCIIAKGQTYFTAYTIGTIYYDMGEYRTATEWLKRAFMLSENKRAFGTVKKVCMSVLRLGEESTINIELIQVLTFIASRINDLEFVHHLVPVGLWKNYLERLWEFLKFLQISNLTKKQVEIAEYLKAILTEKDFLTARKNRIGQFKPSTTCDLEYDIKAESICIEEIKSGSVPQNYRYDYFIVMGKVDFGWIHCFLHHQLKIQMSDDDSSFTGWPGAIDYDSCSSLLETTIVGIKECRKSILVLSKDFLKREWCVLKKIITETMKRRSDFLLIVLLEHCAIPSEIDSKRFSFFDFTDDKKIPIEVQHLKLDLLEH
7,TIR_DC7_6,pecmax_ecTIR-DC7_1,Pecten maximus,Pteriomorphia,MADDRKSQAGFFSLCLNTARNPSTKHLDYRIAVAEKLLKDFSSLHMSKNAILNLKGIFMFYRRDQLKTAIACFQKVLETSDKNKNAIAHLISVYQRLHINSKAKWYKEMQERFEEQRKKRGALSDKCEYSVGGKSGEDNFEILFEYYDAEALAEQGIAFFHDCYTEEDEWNRSYRSLKLFVDSLKLIKNVKIHRLGQETLKEVEHLELEVKYWLGQCYQKVHQGVCRRDYAVKQPCCKDSYREGIQCLRDITRSELAVEDLKAWAWAYLGVFFFKKPKDQGNIDQYIHDQGLKEEFNDPKICFERALQLETQDCRSTETRIRYATYLRTLKDPMKLEEAIRFLNDAWELCKTDGNWFAKTMLAQVSMNMYKLLKTKAAASKVDPEQESERKSCAEFLDNAIKFGEEALVMNTTAMDLANVAEAYYLRGLKSDGTIDADSDDAMNAAEYFWQAVQCLGTEKKPEIHKKHGVFLKAMGEDRQAIECFKRGMEVDIPNRPPDNFDQLFNTFLQMYSKERKDDKVEQDTDDDHQRSTGQTDQEVLSGNRSNNRTPGEEESPKDTADGNEPLQNVSSSESGIMNDLELDGSVSTKLTTEPLDITSNTNKESKQPQKTWSYKQNMVLYEMAYWYQYATRHYRPNALTKYTKKYVKEFQEEMSMMHAYLELETNKENRNAGPLSVLEDVVRSGESLESEIQEAYREKVKHAKQLLTRKMKEEEKKTEQQASHCTQCSRPYSEPFARQNSVIPELVLQPRNTYYKYDFYVIFNCSERDWVYYSLLQKLEKSYKFKGAIPERDYRLGHSNFAEMERCIKESLKVLIILSSNISVREETKSMYEINFALTLHQDLARGHYIIPVLKDDNCLPPRQLDTLTCVNAVQSNAWEKIVLALECK
7,TIR_DC7_7,pyggra_ecTIR-DC7_1,Pyganodon grandis,Palaeoheterodonta,MACKLSSEEHVRPGHLDLQLNASSVHGQYQISHNIAVMDKILRDFRCNDCRFNLEPFERCEICQYVVTCNAILNLKGAFFYYQKQYIEACKQFDQVLETDRKNQNALINLYHVYQKLGDWQKANEYFERYESCFDDKKGEATFLGEQGFAILFDCHTKTNELERYRRSVKMFEESLQISEKLFGAEDKQDFEETKGSDWKLDLLQWKLWYVQSLQRMSNACRPAIDKDCLEHCYKEGLKTLQRIIEATKHSKHSHLTSIAYTYLGIFLSKNKWKGLKEFCEQHDLQREFKMPDLCFVEALNIQKNTEALIRYALSLKFNDICRAIRCITEALEIDKSPDGNWFAWSVSSDLHIYHVEKCKYGNSLELLKLAIEHGEKGASKNTTVNLSVTLGKAYHYLARDHTLDETEKRKLYLKSLEHFLHALQHLDGDKQDSVHISHGKCLLDMGQYRPALESFKRAVELGLDARRKISSSYSSMMKCYMKVLEKESDETEKCSLLEIISYWLDVGVTKEDLVKQCNTPKRSKTSMDQRNRFMSQEKQRERSRSFTSVDDFPSQKNRGDNLSSFCVVTDHMGMPDEYKGSSDDKTTVNFEINDDQTGPVGSLNRNLENHWSLENNSVKSEKVEYSGKLQRQKSRSETVLYTFDDGKELGHNVTSDTTLCENTDQQDSMVVVSDCKNDVKGKCPDNNIKYTVDNDSTQRNDCPCMKKFSAEKMSCESQKEEFSDWQTISPTALLQVIKFLITTKKDKADKLLGWCLSSEKLNFFQDIVLDIFLLIIPLKNRVLIEDCLKHLYDQSHLSTSERNKDKMDVGNRSRYHMDEYHRSWYVDEISNRLFEIQCKRCKDSKLWKEDCGHGLNHVALYCMIATYCPSLAVEISAHLMTRDVRFAQILLEAFQKKCISHASYDEKCVPDDRYDINEFIEQHVMTCISDLHYQACWLRTNSMSVQHILNHGRLYRKGRHPQYQRALNRCLSLREDREDALHQLIRISTFDEDSHMKLVEWQNKRDTIYFNYCGAESASIHSTKIYVKNKPPKRRFPKYEYDFLVINSDEDSDWVRFELLPTLEGRYGFKGCFKMRDFMPGTTVLKEFENKVKESSKVILVLTEKFKNDDFCSFQMHSALMKKLFVGSGKIIPLVAGSGDEKAIYEKIIPEELQHIVCFFVNRFDWERLVRAIEDE
7,TIR_DC7_8,unitet_ecTIR-DC7_1,Uniomerus tetralasmus,Palaeoheterodonta,MNKQRMSSDNQILGEIGIDIELSEKEHVRPGHLDLQLNAASVYGHYQLSHNIAVMDKLLRDFRCNDCVSKKNPFDRCEMCKCVFTCNAILNLKGAFLYYQKKYLKACHEFKKVLKSDDKNQNALCNLRYVYRKLGESEKAEIYNHEYMKCAANTKSHVIFLGEQGFAVLFDCHTKTNELERNGRSVKMFKDCLKMLENLSVHETDPDLKIVRLQLDLWYAKSLQRMSNICYEENNLKELTACYKVGMETLKDLIKRAEGHSHILSIAHTYLGCFLSKRCDAVKQLNVYQELKKTFTHSSQCFDKALENQRNTEVLVRYAITLKYEDITKAIEFIEKAIEIDSSLDRNWFAWSVSSELYLQMYKKTKDPKILNRAIQHGECAARKNQTANLFSTLGKAYHYKARDVCSEETEKHSMYLKALESFLHALQHLDGDKLDLVHTAHGNCLLDMKLYRPAMESFQQAVELGLDAKVNVRFSYNLMMKCFMKMLEKETDAMKKQNLLETMLYWLRVAETNKQFINRKPAKENTSQKGQHKYQDAKIVSDENINPSKPHTRLARTTSSAGDIHNNREQSDQMEKSSDWQTMSPAVFLILIRFLIKNMNVELEKIFQWCLVSGNLKDHPQTVLDILLHVVPFRYKNLIEDCMKLLSGHPHIFSLERDQENACKASQGSCSISESLRSWYLDKMSECLIDVQCKRCQKSKLKKDKCGHELNHVSLYSLIVKYCPFFAADIADRLVTRNVKFAKLLFEAVQRYSLADALGENPLFDQHIMACISDLHYQACWLLVDRGSAYNCLMYNNIYKRGQYPQFHKTLNRCLSLTEDREDALHQLARISTTDEDSHLKLVERERKLEKVYMNYCRVEHGSPVATGRHAQKEVPKRRFPKYEYDFFVMNSDKDNDWVRFELLPTLEDRYGFKGCFKMRDFEPGESIIDAFEKKVGQSFKVLLVLTENFKTDQHCRFQMHSALIKKLLIGTGKVIPVVTVSGDEKVIREKVVPEELQHIVCFVVNRFEWEKLVRAIEAE
8,TIR_DC8_1,cragig_ecTIR-DC8_1,Crassostrea gigas,Pteriomorphia,MRIPTLSWTRVLGKFRRYVYRMKARGEAIRLQDSISVVTSFGEHVVELCYGDITKLPVEEKMDIIMVSAFIGDYSNARGTLIGALFANLGISTRELSKDKEMDLRTHYSCWLSKPLPPDLPFGRLLCFEKTRGCSDNSLERQIRDIFKVLVPLLKNQSTTIITPLLSTGNQHSDEITVLQSIVTGAISWIQAGLPLKKLKIVLYEDNNKELNSKFAKLKQTHLKSQRKRQAVKEYDIFLMHQPTDATIVSSLKQNLLAKNDKLSIYYDPSKFDQKGVWQQEIFDLMMGSKRIVPVLTPNFVKSDECLEMFNMAICCTRRKGKDFLVPLYFETIQIIPVSISLVQFLDCRVRKEGDTPALKMESVCTRLMLTETEGGESNVSQADDNVNHDVFISYAHKDPKQAQLLLDEFEKQYPDMEVFFDRQDLKVGGMWQKGLYYSLDTVKCVVALVSPSYLSSVVCQEEFNIAIYRSQNKADNLLLIPVCIEDIPSVPCLYGQHRLVDFRGNQYSELIPSLVKDVASWVKANKRPNYCSNTASKVALFDFKRMSEIRKKEVYDSYNIKTNSVERKSSFSVPPLDQSENHVVVSVSQNDLSLATSLLYQLEKKSPDIQTSLIVDRTGTDLKCLQTSQKIVVFLSKQYLESPHHLEELFISIIRQRNERGRKVLYLCQASQLADKPSFAHLLPTDINLRDPFWNGMFTESTKTVKLSLRDLQGSFTYRSQDFAAMTKLADDILLEIAGLTQAKPSPIIVNGIQENSAVPLELSQCLVKMTDTPQSFDNSRLPRTADESNDPNKEQAPVPLQSSARQEDAKPDREHAPVTSPNDPPPEDTKSKDPDTAPELTTSPNNPPQESESIPPVSDHSPSKDARTRSEKKSSSCNIL
8,TIR_DC8_2,pervir_ecTIR-DC8_1,Perna viridis,Pteriomorphia,MALRIADTIFVPTQLGEYQIQLCYGDITKVEEKVDIVMVSAFPGDYAAVGGTLIGALKRNLDIQVDKLARDKFMDLRTHFSCWISKELDPKVPYKRLICFERSRSKGDIIEQMRDMFRAFVPACGSQETTVITPLLGTGNQGHSESKVLSCIVDAAGSWMQAGLPLKCIKLVIYGDDDSNLNKLFSSMKEKLSTKFEKKLKADQQLSYDIFLTYEEKDKDWMNMICNVLLKKDKGLKIYTELKKFDQKKIWQDQIFKIMACSKKIIAVLTPSYVDNKDCLDQFNMAMCCNRLKKSEILYPFLLVSVESMPVYMKLVQYFDCRVRKKGEEVDIKVNQACSLLMNPSSENPDKDDDVMTEERFDYDVFISYSHKKPQEAEDLLVILSSGNSDLKIFFDRSELTMGSMWQSSLYESLDTSECIVALVCPSYFSSTVCQEEYNIALARYLKNPTEVLFIQVLIEPMETVPSHFSRIPMIDCTTSEKFDKSVHKLAKDITEWRYGRGTLPYVQMPVDKFSFGSMEEERKIYIKNNYSSSSKVKSLEPKCKLGELVNSSDGQVDVAISFARDAIAFAGVLNGELCSKNSKLNISFLNENMQGSLQDLDMAKQIIIIISKEFVLSHHHMQELHVALCRQRESTDKTVVRIVAAPGIPDKPMFLHLLPYETNMSDKIWRYIGGPQIQGISKAVMSYKEGMKGSFMVAYPNYYALQKTAYEVMFALTRSKTKDLPVPPIICNMLEAKLRANDYKQNTKVSEILIDISLDKNESKHIPFITFDDKEEEIEPILQESPQAREENEDSKVIPKTQTAIKWAEPENIEEIIQDKGKEQLEEEKPVYIEESIKDLGKEQFEGENNTLKKKAYEEMKQMKELNKLLEEEETKKKKSSTCVLL
8,TIR_DC8_3,pyggra_ecTIR-DC8_1,Pyganodon grandis,Palaeoheterodonta,MAQHINMTSTLVLQDTITIETVTGKCDIQLLYGDITKLSPAEKVDIVMVSAFPGDYSSMRGTVVGALAYNLGISVRELSLDKEQDLRHHFSCWLSKPLSTQDSPYGRLLCFERQRGSDLTLPQQVAEMFRVFVPVFNNQDKTVITPLLATGHQGFSKVKMLQTMVNGAASWMEGGLPLRCLKIVIYDNINLDINKEFERLKKQWEARSTRKRKTSMSYDVYMCFDVGDQHWVSHIAKCLQSSREGLRVFASHQAFDKEKVWQDDIFTVMTSCKRVIAVFTPSFLENPECLELYNMAICCNRVKKSAILAPFYIISVQNIPNYLTLVQWVDCRVRNEGEIPEVKIEKACAEIVKNLGPQPISGEVETKDNDHQIGIDEDEDKLYAYDVFISYSHKNSSQAEALLQAFKDTDPKIKVFYDRSALTTGTNWLNIIYQCVGLARCVISLMSDTYMSSSMCREEYNIALARFLAKDDDMQFIPLCVADMDSIPSWFSYVKILDARGDNFQQVVSALAQAVSDWSSKDVDHPELLSHLDDLVEYGPVFSTQRDNNVREQYEVDHKFSFQRKRPLNLQKDTSKNSSSTEAELEKCDVAICYSDETLHYAAVFCHILDKLFPGLNIDALNKASYLRLQTLDTAKKIIVFISYNFLTSQQSMEELLLALNRQRSEKKRVLYLIQAASPSQRPFFPNLLPYHVSLVDRVWIQFEQECLKGKLLDNKKIVSTNRSDFMGSYTCDLSEFMGLTKLAEDVAEDLAVGDRISPPIMLNVLQVKMESEGQHDELHKNYSLEQCLKAVILPKAHGASVGVNISKEKNDRNKAKDQAISTVQTVPSGTEEKNETDSRAKEEHNQYGKADDVHSESIQRTQKENVDNQNEQEATVSDEKYEMKETHKKHAKVHFSSNNKPEAEVSKSCTVL
9,TIR_DC9_1,cragig_ecTIR-DC9_1,Crassostrea gigas,Pteriomorphia,MKFHSVHGKSVTLTEVKSVASRSELSFCHGIVFSDQPLKVTQKVSFEVKTTDAWSGGIRIGVTSVDPGKLSSSDLPKYAIPSLSKREGFWVCPVSEGIISSGCKVTLYINNKGQLQFFVNDVYKGACLKGLPTGKPLWLCLDLYGNTKSAKFVKADDAPKEILARGPEAVHAYEEACISGTQPVYRTRLMLVGQDRVGKTSLKRALTRQKHNREEEQTVGIDLSNSCSFSNLHDRWQMAIQGDYEKEADMQEEQKQLGILGGVIGLEEEYHKALAENIVKELNQPKLRKESTLRGRAPSRDSAKSGKRPFDLESVKSTSSVHGVIAHIPEKLSHVPPEMFTDVPERVVQLVEEMLDKGREPTTSKNQPKLSKSSSFKRQSSVSKPLVSEATPSNSQDSDKTNIEKKVVLNIWDFSGQSVYYTTHQVFLSSRAVYVIVFNLCHDLHTTRSENSSMDEWSTLEYMDYWLRTIYSHTSQNSTNSISNNRLSPPILVVGTHRNNLSQDEVEQKRLVEEKFDELRTFMMDKPYTRHLITPFVAIENDMEEGEDPQIGELRKMIKETASEEPYMGEQMPLRWLRFEQEIAKLVAGDTTHASYDQIQELARNVGITDEDEIKIMVNFYHDLGLLIHYGSSGTIDNVLRNTVVLQPHWLVDMFRSVVLAKPKNDKWSFSKDKWKTFEQKGILDDSLLEDIWKKVSMQKPVLLGLMEKFDLLCPAYTQANQRPKYYFVPSRMTSESDVDKRPYSDNTNNAVFYVNFAGFLPDGLFYRIVNRTTKWCIDNSGKEPYCLLKTLARFFLDDEHDFVLEMAPRNFHRIKIVVMRVSDVSETNDSEQTNLSPKPSACAKLRNFLESSLLELKESWMKRLTYYTCVECPCGRPCYLHGDDACKEEGCLHFLDLDECLANRIVCCDHRRVKTTSIKKWFPETHSPVFQGQILPSIDLEESYGNIEKHGPSLPLWVKGAAKLLSSGEENQDWLALAKLMGHKESQIEEFLEDLNPSLALLTDWIITSGNTSLSVDMLIAFLEKMNRDDVVEIIEKANDTNKDPPQVFISYQWDSQDEVKALRDKMEKSGYSCWMDIGQMGGGDFLSAKIDQGIRNCKVVLACITPKYVVSHHCNRELSLADLLNKTIIPIMFEEVPWPPPGGMSLIFSQLVYINMKGVGGHGGTGIHADLKDKYKEIVQKLMNYIVPDLTKYFDTETVISKQFSNDNSSITSEIYSPPIATESAISYQGNPEVRQHHVSFAQQEDHFLPPPHYQVRAQTPVSQSCVCTIL
9,TIR_DC9_2,mytgal_ecTIR-DC9_1,Mytilus galloprovincialis,Pteriomorphia,MKFHSTHGTSVTLSGNKTQAYRADGIFCNGMTFGDQQVKVNQKVCVELSTSTSWSGALGIGLTTNNPSKINQSELPRFAFRNLVEKDGYWIRAVAEKWIKEKSKLIVYLSSSGALQLFIDGDYKGAWVTNIPTDKQLWLVVDIYGNTTGAKLVKPDEAPKEILARGPDAVMAYDEACTSGTKVIYRSRLMLVGQDRVGKTSLKKSLIGLEHNTKEEATDGIDLSFSCSFNLSQKSEWKSAISGNQINLELQNRNQSDSIGEYDSIEEEYNHGLAENIMKEMAKQKTTNRSKVSSRDSLRILSLGRKNDKEKQNIRNTPSSNSDHPILNETINDVPERVIELLQEMLDQQEACLPSGKNHKNGKDSKVGTPEEPVAKKEAVQKVTLNIWDFAGQSAYYTAHQVFLTFRAVYIIVFNLCLDLNDASSTSQGGNDMSTLDYMDYWLKTIHAQISDNTRSQVDNTRLSPPVFIVGTHRNSLASDQEIQEMMVEEKFSMIQEFLADKPYTQHIITPFIAVENNLDTGIDDQIDFLKQKIQEVAGDESYMGETIPLKWLKFEQEVLKLVEQGTSYASFDQVMEVANTIGIITKREFETMLEFFHDLGVILYYGGSGSLDSLLCNTIILKPQWLVDMFKRIVTAKPPNDKWSLSKDKWKTLNEKGKLDESLIDSLWKDVIDDKPLLLGLMEKFDIICECLTIESEVGCTGKTKSRLFYIPSRLVNGPHHSPDQTLYKPHPNHAVFSFNFNKYLPEGLYHRLITRTIRWCQDSTGKEPHSMTKDAVRFYLDPEHDFVLELLPRKLYSIKVVLIRVTDLNELPDSEPEDEESEEKVYVPNISVCAKLRNYLESTLFELKEIWLKRMIYSTCVQCPCDKSCSLHGNQKCQDVDCLHFLNLDECLTSKVVCCDYRRVKTNNIQNFFPQPLPLGLQGNILPQIDIEKGNIEKYNNQLPVWIKGAAKLLSSGDENQDWMALSKLMGYKEEQRDNLMDNINPALALLADWIHAGGNTGLAVDMLIGYLEKINRDDVIDVINTGRADSIQEPPQVFISYQWDIQDEVSLLRDKLEKSGFSCWMDIGQMGGGDQLSTKIDAGVRQCKIFLSCLTPKYIISHHCNRELSLADLLKKPVIPIMFESVSWPPPGGMSLIFSQLVYIQMKGVGGHGGTGIHADLNDKYREIIHKVMMFAQPDLNKYFENEQPVIYSPDEEEDTQSRYSRDSHERLLQDIAERFSARNLNLTRAYLPPVIPQPVDNALDNDIRVQQQSQQVHVSKCSVCAIL*
9,TIR_DC9_3,unitet_ecTIR-DC9_1,Uniomerus tetralasmus,Palaeoheterodonta,MKFHNVHGTAITLTENKSVATRSDNDFGNGIVFGDQPIKQGQKVCIEVTCTSNWSGALRIGLVSHDPSKQMQKNLPKFALPFLAKREGFYIRAVRESLICTGSRLTFYINNKNQLQFFINNEHKGALLTNTPTDKALWLLLDLYGNTTSVRFVNPGDAPKEIFARGPDAIQAFEQACISGVQPVHRTRLMIIGQDQVEKTTLKKALLGLRHNDAQERTDGIDLLASCSFSMEDGNKCHIVIKDNNTDESEVNNDPDKLGILGGPEGLEEEYHQAIASNIVQELIYQQRQRPSSTTKPTGVLQKPKSGQTPGQTGSRTSVRSSASSIRNTGKASFPKFIDIPSEAFNDVPERVIQIVQNMLAQRSEVKDRDQKSVDSYEETNKSQQKQKVVLNIWDFSGEDVYYTTHQVFLTSRALYIIVFNLCEDLLKPHEDLNSKTDGRSELSPLDYMDFWMRTVYMHASEITENVADKTAISPLIFIVGTQRNGLHSDPEVREKLVQEKFAQIREFITSKPYVEHLITPFYAVEYRQDGGDEQIDILHHQIKAVASREPYIGEQLPLRWVRFELEISKQVEEGKNYASSDQVIELAANLGITDYSEVRTMLDFYHDLGIIIYFGRGSSNIDSLLCNTVILKPKWLIEMFRRVISKRQNISQWDLLVDKWQRLENSGILEEVLLDSLWQDAQDQKLVLLGLMEKFDIIGRCLPTVSELDNGGKNKTYFVPSRFSSCTDTKMLYTKGPNDVVFYIDFHGFLPVILFHRLLMRTVHWTQEYGRHDPYCVYEHIAHYYLDSEHDFILEMMNKQYHLMKVVVLRVSEHDDESVNHEDTILSQPGPQACARIRNFLESCLTDLRETWMKKISYTMCVACPCNKTCSLHNQQNCSEESCLHFLKLDECLINRVVCCEHRRVKTASFKKWFPEPLMLQFSTRVLPPISLSHCSGNIEKHCHNLPSWLKTSAKLLNGGDEKSGWEALAKELGYKQNQINLFNDDYNPSLALLMDWIISSGNTCLALDMLSVYLEKIDREDIVEVIQKARQVEDPAQVFISYQWDHQDEAKALRNKLEQAGFSCWMDVGQMGGGDALNIKIDEGMRNAKVVIACVSPKYVVSHHCTREVGLADLLRKPIIPVIMEKTVWPPPGGMALILSQLVYINMKGVGGHGGSGIHADLEDKYNEIIQCVSLYAAPNLSHFSDTESENDEKQALLLIDQTSSVDSDYSVLDVPLYQDQYSNNVLSPENPVQRRDDPDIGRQSYSVPETSVTQCVMCIIL
10,TIR_DC10_1,ellcom_ecTIR-DC10_1,Elliptio complanata,Palaeoheterodonta,MTELVAHSTKDPFCVFVVYDDEDDWTRKELLRLLDENSIRCCYLEKDSNPGQLVVENFQSLLERSRKVLFVISAEFCRNRQGQNIAAMALETHALESIITLVTDGNVSHKSGLFSLRRAKNIEKDSEEWKDRLIKEIKFEIPEFCQLLSTGQVSDLLFHRGLCLQNFRSELFGLSLVTGEKCYRVDLEEFSKHLKVHEKYQTIEACGQCRILYNADSRVSMIINTDVPLDEDADRLLESFGHLCQYVCDVSSLRPTFAPLCTVSGPFEPNQQKFVTELFNEVFDALSFEYIRRLVEPWAPKYVDLETRIKSFEGVWQQETNPPAEKMAKAGFYFFDKPDIAQCFSCGFNRSPWQKDDDPVLVHERNIPTCCFHRQNLPTADILHKRDRQYFAPIEKFESYSARKQSLDDFDVGKYCRDREHGDDKEHIICRLAECGFFNKGADAEIMCFSCGLRIFYVNCKIDPWVLHADLSSNCPYLRSTKGNSFVKTVIESKLRGNEPTIVNFFLKKYDGSHRLEIPNLFKPCRRLKVTEL
10,TIR_DC10_2,mytgal_ecTIR-DC10_1,Mytilus galloprovincialis,Pteriomorphia,MSSFSEDINNDSININALLTETFTNETGEPELVEKDDSLTFPKEILKDSSNELIELTASAMQIYGDEITDEGYFEIYVFYEDDNDFTIKTLLPKLGAENIRYCCSEYHGVPGKTTLENFKSLVQISRKVLIVISKTFTEDKLNAFLLEVLFDFHIKDNIITLITDGTITKDIYFIRQTNIIYLDDSEWWRKLKTEITFLNPEFCATLYTGKVSNTLFLRGLCFDNFEYDVYGLLVRTEKKVIKLDMQLYLKHLNYHEQYNVEEMCGQCKSLQSPDTIVSLVFGPQFCFESDMLTSAIRRNIVKLCEDIMDAHSFKVNWLCGTSIRGKYIPNLRFFTAHLHNEIQHAIYNEVARRIEEPCFPQYQIIEERIKSFEEVWDEEKYPSIDKMAEAGFYFESKPNRAQCFFCGLSTSTWNSATNPLAIHSRAIRTCTYLLTKCSPDSFPVESIVIPPPIEDRPMNFDERKASFSNFKYSAWAVREEDREFIVDCLSEAGFKYSGFDTCISCFKCKASVTYENPRLKPWILHAVISPSCSFVLSVKGKEFIETVASTMDFSIDPEPTVVTFLLKVFDGKHRIDWKEPITITMPLSDTSESKL*
10,TIR_DC10_3,mytgal_ecTIR-DC10_2,Mytilus galloprovincialis,Pteriomorphia,MNAPTDTKLDSGISVSFDSLCQHDSESTNSILQNTCLSGSLDNKTQNCGNVWRSDDCASEVAVHFKDHIPLEFQLTDRNETLHLQNRNYMNTPKECTQMKTIVTNKVSSKCMTVTQVSGVNSDLAPDVVIYQRHQKVLAFGKRFHVSIIYKDNDKVSSHVTNLVNDLDSLGFLCYYKCRDFIPGQRYPKTIVQSFEQSMKILIILTEAFLESDKCQYELDLALEECFSRGEDGDRNVIIPCRLEQCKVPRTLKPFQVLDIFGDKDSWWNHLINSIEQSSDYIIKKKSQDETEISELEVVGTKFLTKLRKSKMDEVVYFLAKPVAYDLFHFLNQCNDFRFFFSAMRTLGIEIKDSTVLVSMKTLKDFVSRPYYIAHMFKENMQKQKKKVSKVGLIVYDMEDLMLRKNSDEVKQFNEIVRTALNANETYDHFGRGVVYSIEGIPKSRAIRNECRMLIHDAVVEPPVTKPKYPQFDTYEARLQTFRYYPSSAKPTKEEFADAGYFCADDGVVFRCFYCNAADWDFKPDEEPWVRHAKYYYHCPFVLSTKGQEFVNRCRFDGTIRQSMYNPDFEKLHSRINSYINWDIANSPNPKLLAEAGFYFTHIEDKVACHMCGHGLRNWQKADDPWYKHALWSPNCKFLKNNKTKDYIEAAKKDRKQLYLENDRCLLTYTLRKREVTKIGNGDL
10,TIR_DC10_4,pervir_ecTIR-DC10_1,Perna viridis,Pteriomorphia,MTLNLSGQPENVYDIFVVFDDHDYIAKDSILPELTNQNISYCSLQEHVLPGARAFGGLFGLVTQAKRILCIVSKSLAGNETYKYMIQSACFDPTMRRKFINLITDGELSHRNGFLCLRQSPSIKFGDGWVAELQTEMLTVIPEYCILYTRSGTSNFALSKGILLQQMDLDLYGVLIKTKNKNFLIDMPVFSKHVDKHLKYRVPEVCEDCGYLNHLDTTISLGFTDEFLSNENSRFGDSELSKGLLELMKCVMDAYNPHSKSNLWSVSCSVNGEYRPPHANYIKDMFGSVVYGLLNKAASKMGVPFLPDFEDIEKRKESLREIAEIEDETKQDIIAKAGFVCIAKPDRMQCFQCGWHMPLSVMDLDPMLYHASYMPLCPYVQKNLPKEEFPPIRVHHKKFDNSDLSTDDVDEDFKEFAEAGFYRNGFEQVIECISCGTCIIVNNAKTNPWETHALLAPDCKFLLEKKGEEFVKSVNRIRATDQESTIVTYAITDFSFNHRKDWPGILFTPDTI
10,TIR_DC10_5,pervir_ecTIR-DC10_2,Perna viridis,Pteriomorphia,MALTKEKLTPSLLVLSCNAMNDFEWARQLIAKLRDNGWKNVLTTYEFPPGSEYFSMIDEYIRAADILLIILSQSSEQEKTFMKTVNCSIKTILDNDLACRVIPVALHPKSTIPFALQDVEVFRAWQEQDDSKLIRALLETPGEQVLTKFISTLVSLNVNEEKVRRLNKISLPSNLCTDISNIGKNILKHWGVRLRGNLLIVDMLKLQNNASYNRICLFDLFSSFFGTESSNICFVRLYNVKRFNFHNLFQNGQVYGDLEGIYHTIMTDAIPSFQHFWYQYRRNGLCPTDNAELAFKPVVQAKFAWHEDEIHSPQYEKYEERMKTLENFVVDNFLVKHALAISGFFGVGVLDFVQCYYCGSCIRILNLKYHEGFYFGKCPLNDMKMSVMKSVCENTVMLKKLGLATFETRKERKDSFKPLLENDQSYDINLLDRFVDAGFFYRGTREDTICYACDLSLTNIKDYTNPELIHKTFSPDCSHMRTVEVKNPESGLLNKNVHPYLELEILCRNENMFPELNNNTATVDDDTQSYFYED
10,TIR_DC10_6,pervir_ecTIR-DC10_3,Perna viridis,Pteriomorphia,MDTKPLVPYTRTSRDVFLIYDDSDRFTDEKLIPVLEAKRISYISLNSFPGRTVSSFLNALQPFPYKILLVLSKEFCNNEKLKFYLDSIFEVGLVVFESKERLFNSILTYVTTGDISKQSGLNVLLKTRVIYDSSNYSPDHLVQDLIYDFGSFLTVLTRHNGNDVGKKLGLHGLSLKHLTMDIFGLLISMGDLCVKIDLNELKKFCRTHKNLSTYELLGRQDILRNPESKVMLTLNGKTDQYHKIINDIVEICSAVVQIIETKGNCSLVCSVAGKYGGNEEQLLREMFPQIWYGITDRSTCEIEQPYFKSFQGFEERIASFPIEWTKNEKEILLIKKIADAGFFYDGSGTNGRCFSCASVLTNIRSYKNPSLKHASQYPGCKYINEILSEEELEIAFKMFNNKDDKAKFASNLEEKYATFESRRKTFDSLGEEFAKADCDNLAKAGFYSIGYGLLIQCYKCCVRLFNLPVDEEAWIMHALLSPTCPHLQQFENRKLLSLVTSVQQQGICPDETIITLQRFDTSCYKSDTKQILFRPW
10,TIR_DC10_7,pinfuc_ecTIR-DC10_1,Pinctada fucata,Pteriomorphia,MEVAVKRSIKVLSYGKKYHVCFMYHDHHGNTEDGDFVRVIVQRIESHGFICYYKGRDLLPGQQKIKAMLQSLRQSIKIVIVLSKAYMQCAFCQNELSYAVHENMSRSDIDNPEALIPLRLDRSNIPIELGPIECLEVSSRDYFDWINVLLISIEAEAKCVQNFENTTNSNETRELISSSDNLVSTALSFSCELKKANRQALYSFLTKPIACELSDFLYQSDVLRGFHLAMDTVGIAVKDDTVSITMDVFKEYAPRPYHIGDIFEEHVGKEQFKNIDKVSLIVSGNPSLLSRQFENDIHQFNQIVRNVLKAKSDHYLTGIMYDVKGIPYDRDIRDKCRFLVHDAVVEKIDEDIVSHPQFSSYEARIETYRKWPSDKRPAKESLAEAGYFLDEKGVVHRCFYCNGVDWDFKPHEDPWKRHAKWYYNCPFVRCNKDINFITESRFGKSTPRQYYNIIYKDFKERLLTFQTWPHENCPHAFFMADAGLYFTRLEDKVCCFDCGHGFRNWRMKDDPWFRHALMSPKCNFVRRNKSKRYLTEVRNERKKICPTDHCSITYRIKSREAR*
10,TIR_DC10_8,unitet_ecTIR-DC10_1,Uniomerus tetralasmus,Palaeoheterodonta,MSEIIDVHFKQDKFCVFVVYDDEDDWARKELLRLLDEKSIRCCCLEKDSNPGQPFFQNFDSLLQRSIKVLFVISTQFCRNRQREWMIEMVLDTHTKDSIITLITDGDLSRKSGLFSLRYAKIIQKDSGEWKDRLIKEIRVETPEFCQLLRTGHVFDLLFHRGLCLQNFETEIFGLSLVAGDNYFRVDMEEFSKHLKVHQKYQTIEACGQCRTLCSIDTFVSLVINTDVLLDECTEELTQAFGLLCQYVCDTSSISSSFSPISTVSGPFQPNQQSFVSDLFEKVFDAIVFEYVRRLVKPWVPEYVDFEKRMESFHGVWQDETSPPAEKMAKAGFYFLDMPDLAQCFCCGLSHSPWSKNDDPLLVHAEYLPSCSFLRHNLPKDYIPPQKVRRYFKVVEKFETYLQRKQSFDNFDVTKYCQSTENLENKEDITCRLAECGFFYQGIDAEIMCFSCGLVVFYTNCKVDPWFLHANFSFYCPYLRLTKGHSFIETVSKAKYLTDIGPTIVTICLKKLDGRHRLELDNLMKPWQRKEDHRISRQKKT
10,TIR_DC10_9,unitet_ecTIR-DC10_2,Uniomerus tetralasmus,Palaeoheterodonta,MTKLVVQSTQYPFCVFVVYDDEDDWTRKELLRLLDENRISIYCLEKDSNPGQTYWENFETLLERSRKVLFVISAELCGNGRRQTMAGVVLDTLAREIIITFITNGYMSLKSGLFSLRCTKIIMKDSDEWKYKLINEIKLEIPKFCHLLGTGPVSNLLFHRGLSLENFHSELFGLSLAVGEIYFRVDLDEFSKHLNVHLKYETVEACGQCKILYNEDSCVSIVINTDLPLQVSGYELIETFGRLCQYVCDASSLRSIFAPICTVSGPFQPNQQTFVTDLFEEVFDALAFEYIRRLDEPWAPKYVDLEKRIESFQGVWQQETTPPAEKMAKAGFYFLDRPDVVQCFYCGFNCSPWETDYDPVLVHEKNAPTCSFHRQNLPATDIVYKRVRRYFVPVEKFRSHSARKQSLDDFDVGKYCSDREHGDVKEDIICRLAECGFFFKGADAEIMCFSCGLRVFYVSCKIDPWVLHADLSSSCPYLRSTKGNSFVKTVIESKLRGNEPTIVNFFLKKYDGSHRLEIPNLFKPCRRLKVTEL
11,TIR_DC11_1,batpla_ecTIR-DC11_1,Bathymodiolus platifrons,Pteriomorphia,MDAGVRAKVAMISHISSGNDVIISYDPEDRNCVLKIRDKLKEAGIAVWVETYDLGGGANVFSKVGQAVVDAKVFFFLVSVDSVKSKLCQDQLALAYVSKKNIIPVAIDDEDEVSDIMDNGMRLQLAGFEWSFLDREIIEDGLPAVVDRLKQMIEEIDAANENEEKKQKSNEKKRYLRSAKSRLRIRASRIHLQDAKAYWTESFGAIAAMKWERFRGKILEDFKADFQKTFGDEDTEWLLAILHRELLVQQDEMVTFQNFIEFCTIDEKTLPLWSRIQEQARESYAMREVFNMDSSVRVDAIENLGKFKSLTVIGALRDLLTDKDVNVQAVAIISLARTGAHDIETIIALRKCLKAKDRVVREAACLSLGHLGVDAAIEELVNLWRNDIISNVREAALVALNNIGGDKANEAIRVTQVLEKEIRSMKAT*
11,TIR_DC11_2,batpla_ecTIR-DC11_2,Bathymodiolus platifrons,Pteriomorphia,MASNLPSKVQCDVMISFNAKDLAFTEKIAEKLEEQGWTVWYTRPNMDPIEALSRKGEAILSCKMFVMIISQDSCKDSQFADELALAYISNSTIFPVSLEKYREINPMLEGGMKLMLARINWTFFFKESMYESSLQSLLASMTETMMNQMSQTVPQNVSESGEINFHGMNVNINFNRSVGNDEDEDDTSDEEEDNRPPRRAMQHRQTGLNYDFWDRNFDNKTEVPWVEFKKKFESDYRDKIVAQYSESRFKFFVNLIYKDIFSLQKTVKRSQYDAFCEGNPDADMHRFYNRLQEYATGYYAMIEVFSMSSSLRLTTIQNLGNFSFPAVVQGLTNMLKDTDPNIRAVATIALAKSAKNKKMTVDRILNQLEDEDRLVRESACLALGLIKPGGKCEEAVADKWRNDPIKSVREAAEIALKRMGGEVASKCIQVTNVLAKEMDFLKQPMS*
11,TIR_DC11_3,cracor_ecTIR-DC11_1,Crassostrea corteziensis,Pteriomorphia,MASLLDSKVNCDVMISYNKKDLEFTLKLAETFEEQGWVVWFADPKMEHRLMVNQKGEAILSCKVFVTVITDVSTGDVQCQDELALAYISNSSIFPVSLKKYREIAPMLDGGMKLMLAKINWTFFFKEELFEQNMPALLAAMGKVINEKTEEEVPESLNDNKTILFHGMNINVHDNLNVHSDDEENCDGAEKNDVEDTLSKSFRTAQKPESGKLSYDFWDRAFPEKTEVTWVDFKKKFEMEYKEKTIKTYTEEEFKLFVNLIYKDIFMLNKSMKRATYEQFCEGNPDADPHRFYHRLGQYAKGYHAMREVFNMDSTLRLITIQKLGEFCFPAVINGLTDMLKDEDPNIRAIATIALAKSGRTQKLTVEKIIGMLEDDDRLVRESACLALGYLKVGGKGEQAVADRWRNDPIKSVREAAELALKRMGGELAKKCIHITDVLSSEMQFLKTPIS
11,TIR_DC11_4,cragig_ecTIR-DC11_1,Crassostrea gigas,Pteriomorphia,MALQSEKVKGKLAMVTAGKVQYEVMISYDAEDAAVASKLKDMIGKKGIHAWTADSEATAGTDIFNAIGRIIVDCKIFVFIMSDSSVASKLCQDQLALAYVSKKNIFPVQLNEREDLLAHMDNGMKLQLAGFEWFSLNNDLESESQEFVDRVWEEVQSEIEQEKADGSKKETKNPGENKATAARKTFKRQKTLTNLNKSLSKTKMSRLHLEDASTYWSQSFGKETTITWDRFRNKILGDFKADFEETFGEKDTEWLLSILHREMMVDSGDNMLQKENYLEFCSVDDVIHPLWLRVQEQARESYAMREVFSMDSSVRVQAIENLGKYKSATVIQALIDLLTDSDVNIQAVAIISLARTGSNDITTIVNLKKSLKSKDRVVREAACLALGHVKATQAVEALVNLWRNDIISNVREAALVALKNIGGQKASEAIRVTTVLEKEIRALKT
11,TIR_DC11_5,cragig_ecTIR-DC11_2,Crassostrea gigas,Pteriomorphia,MATHLDSKVKCDIMISYNKMDLEFTCKLAEKFREQGWIVWFADPKMEHRLMLNQKGEAILSCKVFVTVITDVSAKDVQCQDELALAYISNSSIFPVSLKKYRDISPSLDGGMKLMLAKINWTFFFKEELFVENMPALLAAMGKEIMEKTEDNTNISGPPNDSNTILFHGMNINVNDNWNADSEDESEEETSRPQSGRAQKSEGTSLSYDFWDRVFAEKSEVTWVDFKKKFEVEYKDKIIKTYTEEEFKLFVNLIYKDIFMLNKSMKRTSYDQFCEGNPNADPHRFYHRLAQYAKGYHAMREVFNMDSTLRLITIQKLGEFCFPAVINGLTDMLKDEDPNIRAIATIALAKSGRAQKMTVEKIIGMLEDDDRLVRESGCLALGYLKAGGKSELAVADRWRNDPIKSVREAAELALKRMGGDLAKKCIHITDVLSGEMQFLKTPIS*
11,TIR_DC11_6,mizyes_ecTIR-DC11_1,Mizuhopecten yessoensis,Pteriomorphia,MGSKPSTPRAKQNTSTSAVNHVKKGKDVNKGEGSQKVEPPLDKASSDSPKDVMISYSHQDKEIMAKLREKLEENDITVWVDVAGLQAGVDFLGKIGQAILDAKLFISLLSTSSVKSKYCQDEVALAYISQKPIFPFAINTQQELYTSMGTGMKLQLAAIEWSFSLESEKFEDDFAELLARMKTELEARKTDEKCDVSGKGTLGRQTSKSKKKDTKTQEQADEFWKRHFSKEDMVGWERFKKDFSKYFHKEITNLFTETQEQDFLWRNWKEELELLNDEVSVDMLLKESLIDFTVRYGETLSLWESVEEFVKEMFAIHEVFGMDSSVRVQAIDHLGQFQSPRVIESLRDLMYNQDPNVRAVASISLAKTGNSEKSTIKRLMKSLNDKDRLVREAGCLALGHIKAKEAVPALLRLWRNDFISHVREAAQAALELIGGDEVEQAMHITKVLADEIRLLTLEN
11,TIR_DC11_7,mizyes_ecTIR-DC11_2,Mizuhopecten yessoensis,Pteriomorphia,MSKLTTPRVQAKLALTTVGTIKDVMISYDQADEDITKKLREKMVGEGIRAWLETEDIMSGADIFARIGQAVVDSSIFMFVMSRESVQSKICQDQLALAYVSNKSILPVALLPNQELLNLMDNGMRLELAGFEWFTLSTESLADNLKDITNKVFKLLEEIKEKENKGNTAKPETNVKSRRMLNRSISRKFSEKESKLFLEDGIAYWARSFGKSVNVAWERFRGQILTDFKEDFDKTFGEDDTEWLLAILHRELDISTEEMVNKDNYTEFCTIDDQVRPLWMRIQDQARESYAMREVFKMDSSVRVQAIENLGKFKSATVIDALRDLLSDKDPNVQAVAIISLARTGANDDKTVKYVMQCLHSRDRIVREASCLSLGVMKATVAIEKLVDLWRNDIISNVREAALAALRRIGGDKADEAIRVTTVLEKEIRHLKTS
11,TIR_DC11_8,mytcor_ecTIR-DC11_1,Mytilus coruscus,Pteriomorphia,MASNLPSKIQCDVMISFNSKDLKFTQKIAEKIEEQGWTVWYTRPEMDPVEALSKKGEAILSCKMFVMIISKDSCRDSQFADELALAYISNSTIYPVSLEKFRDISPLLEGGMKLMLARINWTFFFKPEIYETSLQSLLASMTENMSNLQPQLDPQYVSESGDINFHGMNVSINFDTTDENNYDEDDMGGEDDEGMMEHRRPIRPLQTRQTGLKYDFWNRNFDNKSEVPWVEFKKKFEMDYYDKIVKQYSEDRFKFFVNLIYKDIFDLQKSVKKSQYDAFCEGNPDADMHRFYNRLQAYATGYHAMVEVFSMSSSLRLTTIQNLGNFSFPAVVQGLSKMLKDADPNIRAVATIALAKSAKNKKATVDRIMGMLDDEDRLVRESACLALGFLKPGTKAEEVVADKWRNDPIKHVREAAEVALKRMGGDHAAKCMQVTKVLASEMEFLKHPDS*
11,TIR_DC11_9,mytgal_ecTIR-DC11_1,Mytilus galloprovincialis,Pteriomorphia,MASNLPSKIQCDVMISFNSKDLKFTQKIAEKIEEQGWTVWYTRPEMDPVEALSKKGEAILSCKMFVMIISKDSCKDSQFADELALAYISNSSIYPVSLEKFRDISPLLEGGMKLMLARINWTFFFKPEIYESSLQSLLASMTENMSNLQPQLDPTQVSDSGDINFHGMNVSINFDTNDENNYHEDDIGGEDEEGMTEHRRPIRPLQTRQTGLKYDFWDRNFDNKSEVSWVEFKKKFETDYHDKIVKQYSEDRFKFFVNLIYKDIFDLQKTVKKSQFEAFCEGNPDADMHRFYNRLQAYATGYHAMVEVFNMSSSLRLTTIQNLGNFSFPAVVQGLSKMLKDADPNIRAVATIALAKSAKNKKATVDRIMGMLDDEDRLVRESACLALGYLKPGTKAEEVVADKWRNDPIKHVREAAEVALKRMGGDHAAKCMQVTKVLASEMEFLKQPES*
11,TIR_DC11_10,mytgal_ecTIR-DC11_2,Mytilus galloprovincialis,Pteriomorphia,MGAGASKKKDKEPKTPSRLAPTGGQNRSRASSLTPSTGTNAARPRSRSRSPGINPAKLETKDLMISYSHADKEFMNKLKDNLELNGITVWVDVIGLTAGVDFLQKIGQAILDAKLFITLLSSNSVKSKYCQDEVALAYISQKALFPVAIESRETIQEHMDTGMKLQTASIEWSMFVDPDNFTGDFQKLLSKLKLELKDQGEEKNSKKRLKKQQNSFSNSLKQEKPDKHLVENPYKYWSDLYKDAEMIPWQRFITDFTRIFQSKMDALFTGEDKEWLMANLYSEMEDEDEEDEMLLKENFINFCKVDEEIQPLWPRVEDHTRELYAMREVFDMDSSVRLEAIQNLGKFQSTTVINALRDLLRSTSSNVRAVAAVSLVKTGDKDPSTVDNLMKCLNDKDRLVREAGCLALGQLHAKKAVPKLLHLWRNDFISHVREAAQASLEQIGGKEVEEAMHITKVLAEEIRMLTAE*
11,TIR_DC11_11,mytgal_ecTIR-DC11_3,Mytilus galloprovincialis,Pteriomorphia,MVTHLPAGNDVIISYDPEDRNYVIKIRDKLKEAGIDVWVETYDLGGGANVFSKVGQAVVDAKIFFYLISTDSVKSKLCQDQLALAYVSKKSILPVAIDDEDDVSKIMDNGMRLQLAGFEWSFLDREIIEDGLPSLVARIKDMLADYDSSNRDEETKKKTEEKKRYLRSAKSRSRIKASRIHLQDGKAYWTNTFGAVANMSWERFKAKLLEDFKLDFEQTFGEEDTEWLLAILHRELMVEHDENVSFENFIAFCTIDEKVLPVWSRIQEQARESYAMREVFDMDSSVRVDAIENLGKFKSLTVIGALRDLLTDKDANVQAVAIISLARTNSTDIETIVALRKCLRMKDRVVREAACLALGHLGVEAVIEELVNLWRNDIISNVREAALVALNKIGGPKANEAIRVTEVLEKEIRSMKSA
11,TIR_DC11_12,pervir_ecTIR-DC11_1,Perna viridis,Pteriomorphia,MASNLPSKIQCDVMISFHSHDQEFTKKLAEKIEEQGWNVWYTRPEMDPVEALSQKGEAILSCKMFLMIISKTSCNDAQFRDELALAYISNSTIFPVSLEKYRDINPVLEGGMKLMLARINWTFFFKPEIFESSLEGLLGSMTETFAKQQPNIDPVVSESGDINFHGMNVNVNLNRNTGQNVMDDEYYEGDLDDEREANQAKSNIARRPTGLRYDFWDRNFDNRSEVPWTEFKKKFESDYRDKIIEEYSEDRYKFFVNLIYKDIFDLKKSVKRNQFDAFCEGNPDADMHRFYNRLQEYATGYYAMVEVFSMSSSLRLTTIQNLGNFSFPAVVQGLTKMLKDTDPNIRAVATIALAKSAKNKKLTVDRILSMLEDEDRLVRESACLALGLMKAGVKAEEAVAEKWRNDPIKHVREAAELALKRMGGETASKCIHVTKVLASEMEFLKQPAS
11,TIR_DC11_13,pervir_ecTIR-DC11_2,Perna viridis,Pteriomorphia,MGAGASKKKNPSPAKFLTPEANTGQRSRASSVTPAGGKPPSRPNSRSKSRDRSPSVNPPRNEVKDLMISYSHADKEFMNKLKDNLELNGITVWVDVVGLTAGVDFLQKIGQAILEAKLFITLLSTNSVKSKYCQDEVALAYISQKAMFPVAIETREAIQSYMDTGMKLQTANLEWNFFLNPDDFTGDFQKLLSKLKLELKDQSEGKESKKRLKKQQDSFSSSLKKSKEKQEVYLVENPDKYWTNLYGDQDMISWQRFVKDFEKNFSRQMNAIFTGEDKEWLIANLYSEMEDSDEDDDMLFKENFLNFCRVDGELQPLWPRVEEYTRELYAMREVFDMDSSVRIEAIENLGKFQSTTVINALKDLLRNKSSNVRAVAAVSLVKTGDKDPSTVDNLMKCLNDKDRLVREAGCLALGQLHAKKAVPKLLHLWRNDFISHVREAAQAALEQIGGKEVEEAMHITKVLADEIRMLTAE
11,TIR_DC11_14,pervir_ecTIR-DC11_3,Perna viridis,Pteriomorphia,MDDRVKAKLAVITTVPTGNDVIISYDPEDKNYVIKIRDKLKESGIAVWVETYELGGTANVLSKVGQAVVDAKVFLFLISVDSVKSKLCQDQLALAYVSKKAILPVTIDDESDVTKEMDNGMRLQLAGFEWSFLDREILEDDLPTLVDRVKHMLEDVHASNKDEETKKKSEEKKRYLRSAKSRSRIKASRIHLQDGKAYWSNTFGAVAKLTWERLKAKLLEDFKQDFEQTFGEEDTEWLMAILHRELMVQDELVHFSNFVEFCTLDDKVLPIWSRIQEQARESYAMRDVFNMDSSVRVDAIENLGKFKSLTVIGALRDLLTDKDVNVAAVAVISLARTNAQDIETIVALRKCLRAKDRIVREAACLALGHLGVEDAIEELVNLWRNDIISNVREAALVALNKIGGPKACEAIRVTQVLENEIRSMKSA
11,TIR_DC11_15,pinfuc_ecTIR-DC11_1,Pinctada fucata,Pteriomorphia,MARLDDPVLRAKLTLLSSGSKDVDAVISYDSADKENVIKIKDAIRTAGIKVWMAQEDVVTANVFNVIGQNIIDAKVFIFAMTTGAVQSKLCQDQLALAYVSSKVIVPVAMETGDELLQHMDNGMKLQLAGFQWYFLNEDFDGGCKDLVDHLTETLTDIKEKEQNKDSNQQQKRPMLKREKTRQNLNQSMKMDTVKASHLYLEDGTAYWKKKFGNSDTIKWARFREQILTDFKEDFAQTFGEQDTEWLLAILHREMEVQNDEILLKDKFLDFCTIEDIVRPLWVRIQDQARESYAMREVFSVESTMRAKAIENLGKYKSATVVDALLDLVRDKDVNIQAVAIISLARTGASDINTITSFLKALNSKDRIVREAACLALGHVKATRAIDILVDLWRNDIISNVREAALVALQNIGGEKAQEAIRVTTVLEREIRTLKA*
11,TIR_DC11_16,solvel_ecTIR-DC11_1,Solemya velum,Protobranchia,MAASKVEKIDCDVMISFSSADFSTVKRIADSFTKEKMKVWHADLETDQKTLDRQRGEAILSCKVFVILLSEKSAQDAQCQDELALAYISNSSIFPVSLSRYRDLAPLLDGGIKLMLAKINWTFIFKEDHFHSNVPPLITAMKTHIDKPAGESEAETGGQSDVVLFHGMNIHVTFDRQSRNELQENEDSEEQPSNEMEEQETGDFWERNFGKSTEVSWDDFKRQFIVDYGERITRQYSLDKQNFFINLMYRDVFGLSKRVVRSVYKQFCDNKGFLERLQEYAIGYYAMREVFSMDSTLRLSTIQSLGKYSFPPVVSALTDMLEDDDANIRAVATIALAKSGKTQKNTVEKIIKQLDDKDRLVRESGCLALGYLKATGKAEQAVVDVWKNDAIKSVREAAELALNRMGGELAQECINVTKVLTAEMAFLHEPTK
12,TIR_DC12_1,cragig_ecTIR-DC12_1,Crassostrea gigas,Pteriomorphia,MDRTDNSGEAFLAYSLRDRVKVHNIVKFMSELLGIRTFDPEEDILPGQTLLRSIEIGVAKSKASFLFISKNFIRDKLCQYLVDSLLSRYIITKGKYRVILIVLDNYKIPRFLKNLNCIHYQKYVEKIQTYNLSFVESLIQLGRSVLSALKGPRHLFRRIRPRCFVKAEKHGEHILSRLRSLMKRERLKEENDESNVVFSMFKMATMLKHCILSCKYGDCPFSCSGKQVRKFEKHLKECWYIPVKCSNKHCLYTSRRHLMNDHSTKCHFAIEKCPNVDCNVKRQRSKMSSHVQKCPHRVVLCTNKSVGCMATMSYQDLNTHLTTCPWSSQPCEICGEQIMYKDQSSHVCPLGTAECPYCNQEFIMKDFLCHLNCCLTKCELCQEDFPKSKKRLHECPIMQCKYQFCDYKDRILKVELHMINCPYEPKKCIHCNKYIQSKYLKSHTLECNNIVRCGECGLDIEKSSKTVHDMFLCIGNTNRTTCPICVELVTAGSIKSITEMDLHHKMHKENPGFRETSVGLLPEKKLGSVENEETPDVTCIELVHGILHNIDVDPDNVLDSKHLQPSKWKSGKCRFRKLCEMIDREEDVKHVVRNGQLNYPQVQRTVSCVCHHDRFYIHH*
12,TIR_DC12_2,mytcor_ecTIR-DC12_1,Mytilus coruscus,Pteriomorphia,MKSKWKNFLNLQDKEYHVFASYSEDDSKLVNRLLQPFENSNCLFYNPDRDGIPGQPVMRGQIEKGMEQSKITMLFITKNFLSDELCMFMANLAIWKYMKTKGIHRVFPIILQPCKIPRYLKVLNCIHVWKYTHTISSYMIYQTQAIARLTKAILEPPPQFRRIRWNGIKTLTWTRNIVKKVKKSALKEKASDQSTHNINPFQMWRLIGVLKHCFLNCRYGHCSFACSGREFARFITHVQTCRYRPIKCSNKYCQTFLPKWCLDKHIEECPYTLIMCPSVGCGEKVLRCRIEHHLLKCQHRTILCPNHNFGCDQRLAEKDAINHLETCLFASFLCNKCGQAMMKKDLREHKKYCVKSETKCKLCKKTMLREEEPFHLDACLMAEVSCPNIGCGLTMARYQILQHKSICLLTNISCPNSGWGCKTRDKRISIQYHTASCPFRLSQCELCGRKLIFKKLKSHIKNCQTKKTCPLCGMFVPRSTWGIHERTCQRKNRLSFSDDCHRYVRTDTLEDHKKLCMEHDHTPPVEQPGLHLHFGPVHSSPHEQLQKSDPIDIHHSTNSKRKDSIQRRPRIRSANSDNGGPQTLEDFLATILRTNCTRLSKRNENSDSDFKYFHPQGNFFL*
12,TIR_DC12_3,mytcor_ecTIR-DC12_2,Mytilus coruscus,Pteriomorphia,MTNRCKTFLQLDIERYHMFSSYCESDSILIEPVLKYFKRQGCLVNDSGLAIGQPVLQALVDEEIEESKSTVLFITNNFLADEGCQAMMNIAIMKYIETKGRHRIVSVIMEKCPIPLPLKMFKCIHIWKSSLPLHTNTWRNRYFSRALIFNRVVKCVTDAPPKFERINRYGLKTLTNTKNIVEKVQLNISDNTLAKKKRLINPIQLWRFSKNLHRCFIHCRYGQCSFFCRGENVHLFTQHLQECKYQPNKCPNEGCLFTPSKKSLANHLESCPFSTINCPSEGCDERLKRRLVDDHLHICHHRLISCPYKTSGCQEVMTREHVKEHASVCKFKVYKCRYCGGTVPWKEADLHLEKCTNIKIKCECCRHELSKKEKITHEKVCLKAHVACPNTGCGMQMKGYQYLLHKNYCQYRIVDCKYIQNGCRVKEPNITINGHIDKCPYRSMTCDICEKEVIATDFERHKSDCTSNISCKRCNQQVAKSALNLHNRLCPRKNYKIVCDICRQLVDPFKLENHKSQCQNCITHCPYIKRGCHVRESIMSIDRHAKECLFRPVICEDGGLEMTTTEMDLHLKEYNCLKDTVCPSTDDEESKPKLEQANDESDNESSHEENSDLDHADSTQFITHQESTKNEALQNVTLISFDQALPIPKSVDCGGGSWDENRSSTKWTGGRYAKGRRKFNCLLEMIDRKRLNIKTSDIRDVYNYGCKKFDNDHYGVLQFR*
12,TIR_DC12_4,mytgal_ecTIR-DC12_1,Mytilus galloprovincialis,Pteriomorphia,MKSKWKSFLQLQDKQYHVFASYSEDDSELVNGLLHPFENSNCLFFNPDLDGLPGQPIMRGLIEQGMEQSKITMLFITKNFLSDELCMFMANLAIWKYMKTKGIHRVLPIILQPCKIPRYLKVLNCIHVWKYTSRSSNMMYQKQAIARLTKAMLEPPPKFRRIRWNGIKTLTWTRNIVEKVKKSALKEKASNQLKHNINPFQLWRLTGVLKHCFLNCRYGHCSFACSGREFTRFISHAKVCRYKPIKCPNKACQTFLPKWCVDKHVEECLHTWITCPSVGCGEKIIRYQIEQHLLKCKHRSIICPNHHFGCDQRLTGENASKHSENCSFALILCNKCGQAMMKKGLHEHEKFCVKSETKCKLCKKTMLREEEPFHLDACLMADVACPNIGCGLTMARYKILQHKSICLHAIISCANSGRGCKTRDKRINIQIHAASCPFRMSQCEFCGRKFTFKKLNSHIQRCQTMKKCLLCGLMVPRSTWGTHERTCPRKNWQSYCDMCHKLVRNDKKEDHKELCMEHAHTSQQYASATCGSDSLIVAAGATHFNTHVTSETRNQIDSETILYKRHSNGKRTDSDKRYSRHKSDSSDDGGPESMEAYVAAIMSMRDIPVTVNGHKEDFESSELIGGSHCAKSRKTFTGILSAASSYSVKDLEIHKAFDSDFKHFHRQRDFYS*
12,TIR_DC12_5,mytgal_ecTIR-DC12_2,Mytilus galloprovincialis,Pteriomorphia,MNSRCKSFLQLDTERYHVFCSYCERDSIRIEPVVKYFKRRGCLVNDSGQAIGQPVLHALVDDEIDQSKSTVLFITNNFLADEGCQAMINIAIMKYIETKGRHRIVSVIMEKCTIPLPLKMFKCIHIWKSPLPLHTCTSTWRDRHFNRAQIFSRVIKCITDAQSKFKRMHRYGLKTLKYSKNNVEKSQLNVSGNTLSKKKRFINPIHLWKLSKNLHHCLIHCRYGQCGFFCRGENVHLFTQHVNECKYQPNKCPNVGCKVTPFKCSLANHLESCPFSTINCPSEGCDKRLKRRLVEDHLHICHHRLIPCPYAPSGCQELMTRGNVKEHASKCKFKVYKCQYCGSTVLWKEADLHLEKCNNIIIKCECCRHEILKREKCTHEKVCLKAHIACPNPGCGMHMKGYQYLQHKNYCQYRIVACKYNQNGCRVNEPNITINSHIDKCPYRSMTCDICEKEVMAADFERHKNDCTSIVSCKRCNQQVAKSALNLHNRLCPRKNYKIVCDICRQLVDPYKLENHKAQCQNCITDCPYVKRGCHVRESVMSIDRHAQECLFRPAICGDCGLEMTATEMDIHLKESTCPKDTVCLSTDGEESEPNLELENGTSHNETSHAEHTDLDHAVSTKFITHQVSTIENEALQNVTLITFDQALPTEKFVDCEIGSWDENRSSTKWTGGRYAKGRRKFNCLLDMIDKKRLNIKTADIKHACNYGFKKFDNDLYGVLQFR*
12,TIR_DC12_6,mytgal_ecTIR-DC12_3,Mytilus galloprovincialis,Pteriomorphia,MKSKWKNFLNLQDKEYHVFASYSEDDSQLVNGLLQPFENNNCLFYNPDRDALPGQPIMRGLIEKGMEQSKITMLFITKNFLSDELCMFMANLAIWKYIKTKGFHRVVPIILQPCKIPRYLKVLNCFHVWKYAPNRPRNMYQTQAITRLAKAMLEPPPKFRRIRWNGIKTLTWTRNIVEKVKKSALKEKASNQLKHNTNPFQLWRLTGVLKHCFLNCRYGHCSFACSGREFTRFISHAKVCRYKPIKCPNKACQTFLPKWCVDKHVEECLHTWVTCQSVGCGEKIIRYQIEQHLLKCKHRSIICPNHHFGCDQRLTGENASKHSENCSFALILCNKCGQAMMKKDLHEHEKFCVKSETKCKLCKKTMLREEEPFHLDACLMADVACPNIGCGLTMARYKILQHKSICLHAIISCENSGRGCKTRDKRINIQIHAASCPFRMSQCEFCGRKFPFKKLNSHIKRCQTTKTCPLCGLMVPRSTWGTHERTCPRKNWQSYCDVCHKLVRNDKKEDHKELCMEHVHTSQQYASATCGSDSLIVAAGATHFNMPVTSETRNQIDSETILYKRNSNGKRTDSNKRYSRHKSDSSDDGGPESMEAYVAAIMSMRDTPVTVNGHKEDFESSELIGGSHCAKSRKTFTGILSAASSYSVKDLEIHKAFDSDFKHFHRQRDFYS
12,TIR_DC12_7,pyggra_ecTIR-DC12_1,Pyganodon grandis,Palaeoheterodonta,MNKSRLQMTAVQNGVVVRPNPLPLGLKYHVCAVYNQEKDLLRVQTLLRPLTNSGFSVFDPCMDLVGGQSKVGAMSKGLDSSKTTVIFLTKNFKSDEMCRFEIKNAVWRHNSTRGKHQVMAVVLEPCKIPRCLKLVEKIHLWKNKDKGLHENVNRIMKKLSAKKYSFRKLRWIGTKSAKAVQDMGRWIPDTNKTLGSLTLLLQLNLVQTALQNGILHCKNKKCKFACQGVDFQRYISHIKDCPYKVVQCGNKGCLLNGPYEDVMRHGEKCEYRYVTCRQEGCGMQVSQKMLPDHEANCSHSIDNCPNTGCSIKLPKKDIKKHLKDCGYTKQLCTKCNIEFFMMDLPFHSCKTCFCGRFLSEEHLQSHIKTCKGANQNVRCPNDDCLMELPQEKMNQHLNECPHMVIRCHFAGCMYEDKRVRVIGHSELCTYRPEKCISCGILVPHKELSWHNRICDRLVDCKVCGAQVPISMKLTHDTWLCKKNNVLSFCNICENTMSVSIYGDHIHQCQAIVSVATTIDSGAMAAGNTGTFFTNNMMRNIDNSSGLYGERQNQTVGTKEAKDHKRKIYKPQVSVEDILVALSVPTKTTKLNINSSYSDSPTYDERKKYPTGFSKLRALYRMIDKMN
12,TIR_DC12_8,solvel_ecTIR-DC12_1,Solemya velum,Protobranchia,MTPKASLQSLANLLPKDVEYHAYASYSHHNDLTLIGPIVTALENLGIKFYDPERDAMLGEFVFKNIVDRGISVCRTTVLFLTKNFVCNKWCHYEANIALKRYIMTKGKCRVIPIVLQPCAVPKYMKILNCVHAWKYHGKDLLKRILKLLTAPSLKYRRARWIGIKSFHRTTNIVKKLRFNHDDIRELSIPNFLLSLQKIPAILPHCIIQCRYGRCQFACVGTSYLEIHKHMQKCRYFPVKCKNNGCLHTGARGNMDMHLKACQFKVIACRFTGCNARCPQNKMNIHEKKCDFRLVPCNKRESGCLKIISKKDLKKHLQSCEYESVTCEECNTCLIRRDFELHTCCKSDIICSKCGAEETIDLFQTHNERCSQFKIKCKFVGCTEVCIRKHLKVHEVCCRYRLFRCQNRGCSFEGYETEIEFHMERMCDYRLSVCKTCGKTLLHKSRSMHRFNCDPIVVCADCGASITSSSKTTHERYICPNRKVVSICEICKKSIPFDKYHSHTESHRLNMESAASFTFPGACGGGISEISSHSHTSELLGTSVNVTDSVEMGEKPRRHSSDPEYSLETFVFVLASEVPTEYVDLKNCKTPVVKNPLKSSAVLKFRELLRQTEKHKEEIKALLKTEKKY
13,TIR_DC13_1,batpla_ecTIR-DC13_1,Bathymodiolus platifrons,Pteriomorphia,MSLFKDTDFSICEAPSLPEDKEYHVFFSYEHANHDRNWVKAVVRELENKGFKCCIYEKDRNQSKSFSSNIQYFIDKSMRIVLVLSSAYIKGDWAKMEMEITSRGNANDLVFIPVLIEPCNIPPFLKDCMFINATCKQEKWWEQFLELIRGACPSLPPKKKFHAFFAHAPADKPWVADVVKMLESPKVGIVCSYPSRNFKNGQPKRESIDQALRRSSKVVVVISERFVNQEWRKYYENKVRNKDIIPVIIEDSYIPVSLDECETIDARSDEFHWLPSLLAAITDSVYVPSVTSFSREPPESPSSSVSEDALEQSQTISAM*
13,TIR_DC13_2,craang_ecTIR-DC13_1,Crassostrea angulata,Pteriomorphia,MDINPNHNQVTMESLERQRAMAMPRCDPPSDAPPLPVGKDYHAFFSFHGENPDYNWVKAVTRELECRGFKCCVFPRDLDAGKSLSNNIKSVLTKCLRIVTVLSSAYIKNEWSQLEMEIISLGKLEELVFIPVLIEPCDIPPFLKYYRYINATTAKETWWNAFHEQMLGNVPPLPPRKKHHVFFAHTSSDTKWVNDIVKRLENPVNSIVCCFPARDFKPGASMQESVDSAIKRSLRVVLVISKNFLANEWKKYFEKRFKQFKTIPIIISDCNLPIVLDDIVCIDARNSGTDWFKVLLRAIKEEDLNADDDTVTSTSQFIREEVIFTPAAEPMASLSTTSFI
13,TIR_DC13_3,cragig_ecTIR-DC13_1,Crassostrea gigas,Pteriomorphia,MDINPNHNQVTMESLERQRAMAMPRCDTPSDAPPLPVGKDYHAFFSFHGENPDYNWVKAVTRELECRGFKCCVFPRDLDAGKSLSNNIKSVLTKCLRIVTVLSSAYIKNEWSQLEMEIISLGKLEELVFIPVLIEPCDIPPFLKYYRYINATTAKETWWNAFHEQMLGNVPPLPPRKKHHVFFAHTSSDTKWVNDIVKRLENPVNSIVCCFPARDFKPGASMQESVDSAIKRSLRVVLVISKNFLANEWKKYFEKRFKQFKTIPIIISDCNLPIVLDDIVCIDARNSGTDWFKVLLRAIKEEDLNADDDTVTSTSQFIREEVIFTPAAEPMASLSTTSFI*
13,TIR_DC13_4,ellcom_ecTIR-DC13_1,Elliptio complanata,Palaeoheterodonta,MDAVIARRVITDLFVVADKRNCPKGYIVIPTKQSLKDTGENETGFEIRSGAKNRSRKKRFICIAYGLEELDEKVLTDLKILGTYEKAPASQEYTLLSKTRDTGEDVLEDKHLYLRWMKLCGYEWVIDYLMICPSTASQGKRFEGSGPYTRIGSISNNMSLYCKKRCIYQASEAIAWAESFPMPTEEDIASDSPKEENAVENDTLPTEKFQTEQGAASIWKNSTLLQATTVDKIRTVIVEDSKRGEAGCQTTLPKDEVESKWQEIRRLKKKDRGLSESSSDSVMTSCGVKQEGRSRRKKKKRKRSEQSSSATEATISQEKPTEDPDPSISFHMLSVSESPKRVTRRSITEAPPLPRGKTYHVFFSFRNSQNDKDWVRGIIEKLESPPHSYSCCFADRDFIPGETVISNIEMAVKESVRVAVVLTEEYIKSYWCKYETNVIREPGSKACIIPLQLNNCRIPQSLKDLSFIPVSKDNDKWWETLLRSLNGKIPYLPPTKSDHVFLFHGTSEKDVERTENLRTALETCACNFRCISSGRDFICGSTVKDNVHMCVEKAATTVFALSRNFPKEKWLQHWQELSRKGFKLFPLMFDHFDLPKELQDIVMFDATREQNIWLPRLIDNLMK
13,TIR_DC13_5,hyrcum_ecTIR-DC13_1,Hyriopsis cumingii,Palaeoheterodonta,MTSCGVKQEGMGMSRRKKKKRKRSEQSSSATEATISQEKPTEDPDPSISFHMLSVSESPKRVTRRSITEAPPLPRGKTYHVFFSFRNSQNDKDWVRGIIEKLESPPHCYSCCFADRDFIPGETVISNIEMAVKESVRVAVVLTEEYIESYWCKYETNVIREPGSKACIIPLQLNNCRIPQSLKDLSFIPVSKDNDKWWETLLRSLNGKIPYLPPSKSDHIFLFHGTSEKDVERTENLRTALETCACSFRCISSGRDFVYGSTIKDNVHMCVDKAATTVFALSRNFPKEKWLQHWQELSRKGFKLFPLMLDHFDLPKELEDIVIFDATREQNIWLPRLIDNLMK
13,TIR_DC13_6,mizyes_ecTIR-DC13_1,Mizuhopecten yessoensis,Pteriomorphia,MNNLHFSMAYSFIGPSRRERSAASINTRASLERAHTMSVVRELKRSSKAPPLPRGKDFHVFFCFHLGLPDKDWVKVVSRELEYLGYKCCVFERDFETGISISANVKNALEKSVRTIVVLSSSYINKEWRQMELEYMSHGTEGISFVPILMEPCGIPPFLKYFQYINATGGKETWWRHLVDTLRGSAPTLPPRKRYHVLFAHNMADTAWVSKIVKTLESPNVGLICCYPGRDFKPGSPVIENVDHAIKRSVKIVLVLSQNFLALEWKKYYDGRMRGRRPIPVLVNNCELPPSLEDIVCIDAQSEKDLWWPVFLGALTEEDPVNDDSVSSSSKSVVSRQTEKR
13,TIR_DC13_7,mytgal_ecTIR-DC13_1,Mytilus galloprovincialis,Pteriomorphia,MDKMPNKQGRKKLCSPLDAVINNTSLIISREITNEKSATTLERSHTMSLLKDSYFNVNEAPSLPEDKEYHVFFSYEYANRDRNWVKAVVRELENKGFKCCVYEKDKNQSQSYSSNIQHFIDKSMRIVIVLSNTYINGDWAKMELEILSRGNVNDLVFIPVLIEPCNIPPFLKDCMFINATCKQVKWWDQFLELIRGACPQLPPKKKYHAFFAHTSRNKPWVADVVKMLESPKVGIVCCYPARNFKKGQSKRESIEHALRRSEKVVVVISDDFVNQEWRLYYENKVRSKDIIPVIVEDSYIPPALDECEAIDARSDEFHWLPNLFSAITDSVYVPSVTSLSRDDPDYASTSLSGKFIQR*
13,TIR_DC13_8,pervir_ecTIR-DC13_1,Perna viridis,Pteriomorphia,MELMSNIQNRKKLCSPLDALPNNNNPIVISREATNDKSTSNLERSHTMSLQKDQEVSTNEAPLLPEDKEYHAFFSYQHANHDRNWVKAVIRELENRGFRCCVYEKDRIQSKSYSSNIQHFIDKSMRIVTVLSNAYIEGEWSKLEMEVLSGGNANELVFIPVLIEPCAIPPSLKDCVYVNATCKQVQWWEHFLELLRGTCPPLPPKKKFYAFFAHGPKDKQLVVDVVKMLESPKVGIVCSYPSRTYKNGQSKRDGIDNAIRRSAKVVLIVSEQFVNFEWKKYYENKLANKDIIPVIIEDTFVPASLNDCETIDARSDENHWLPSLLAAITDSVYVPSVTSFSREPEYISSSMSTVSEKSSSQTISVP
14,TIR_DC14_1,cragig_ecTIR-DC14_1,Crassostrea gigas,Pteriomorphia,MKKGKGKKKSGGPPPPPPPPMMESNMASNSNFEQDLNVMEAPRAKKVGFKNVQTALWKESLGSQSRISHLNLSGVEQLTDMFFAVAESRNIKLPHMTSINLNGCSNITDFSVLLIAKNFQQVSGITMKGCTEITERSIHYITDGSLNLQDCQMTSSKVRAIPLKIEKSLGLFNFKSCPLISPSTEMYSTSPNTFMQKFSGTQMDKEGTAMLYLDNYKVVILNESGKPSIGERITSSASPGKGMKTWLEWKPIEDVSVTVNLIEISELSFEGLVLSNGGVVIIPFSDKTPSYIQKMANTILIKDKWRLNEFRFHDQLVFTAGKKLVHYLKKIIAREPKSKDSPELLASLILDKEEQCFSAISNVIQAVQDHYPWHVFHYFAPVKKLFQTPLLTKQKQLDIFKGNFGYLKTLITTLETPTLSNLNMKDPYKEMIQVLGLRFERGMSVFFPDISGNPCMASFSELEYLLTGMMENPPDKKGFIKGLGISVPCYRRDDIKVIFGQSMKTKVTFKGIQLSERVDLFIEILESAGCLLNFPCDLRGPGFEDSIAYVLFTDIPSHPPVPLENYWPEQLPKRQLQAQKFYRFAALPPDFMSTLLGEFSNLLQFTLLWKGGFLCQQGPVVHLLEVLETPGVCTISVSSRAVNPPSDHYAGKNPELEGMLWNGFKQVCSIFDAHIQKFKIYVLRYYPCLHCLPGGSRYQATNPEKVCQFSEMKILAGHDRGLSCKKAEDISQEELVVKLKDYFGPDFQRKDQRCLPNHSCFDAEYEKMIEDTVSRQSNQTRCYMCGNCARESHKCWANVEDGLTIRHCGCLLPCFLCKYCGICRFCVQKLAKAHSMIHPQFQCESLMSSTYDSDLSQNGNFIFMSSSSEYRFAQPMTVEYFTHLRACLHRGHFHLKLTSSSHEILVNCVEKTIKVVTKTFMKEKEEVLIVLTPYTNGDIFDIWFDFDKNDMSTQFLRIQQNQKTVLALTIPDKYMSVTILCKRPGSVTSSSNHLIKMPKISTTAHGFTGSATVSLLIINGSALYDEEMRNDLLSGVKDDDLKPFCQVKLDSEVVFKTKISKSSRPRFDEKVEIQINDPESVLEIEAYEYDHVESILLGVVMLPVTQLIDLSNQLDSKFHHLNGTRNGKIHLKVDVQFNDKDNEEHLKKKFSNKRGDMFIPKNFFDGFAKVGNKGNGSLSYVALSEDRQCKIPSSMLLQIGEDDRWDWHLMNAPGFELQEDFILKIVFTWVVQCVLLSSRVKLSLPDCKLLFPALANEDDIDAKMVQNCVYSLLNFSTVYMNIIRGLDFSVNFYVMGKKNHMKNLKSVHRMVVKKIDQTGFDIVPSFYNSKHHLLLCPGHNNAYVRTRGISKISMSGFETYNMFIQNLVLTKNNLTSLPDALFSSLKQLKIVDLSENILESIPGTIGQCGQMEILRIQDNNLADLPMELAQCANLQVLNISRNLMNELPVVVPLCTSLEQLYMNDMFMTELPEEIDLSLRGVIWFVSSPSYIMSRDRFTELLEVHGLRRWLDAHNEDKEELFKAFDEDGNGILDQNEIGRLNATIYNIFPRFGYKGKELPDENTESGFPMQILQLLNLRYLNLSYQGLVHIPESISLLSSLQHLVVSYNPHLLNIAAEAGSLPLMSLEMAECPILKTPPKEIRSQGFTASYGYLRRLLSGSVECKRTKLMLVGLGEAGKTSLARALQSDDLKSSLTGHESITDGIDICTWKTSRDGEEISYSIWDFAGQTVYYNTHHFFLSNRAVYFLVWNVRLGHEHAGLKFWLSSISVHAPKAPVLIVGTHIDQVSKVELPMEELKASFSQIEGFYFVSSLTGQGLDDLKNNLITVTLTQGYMGESIPMAWLELEEIIKKLKTKTKMDTIEYSQLFKRAGVAGIVNEKEFAEAVAFLHDLGSLQHFSGNEYLHSKVVVNPQWIVDVMACVVSVKESPIKNGRLKHEDAKKVWKDYPESLHQWLLRLTEEFDLTFCIPQEEGSKERVNLVPCLLPESKPKFEWPEPDKKNGVTETKMVYMFDYLPAGLFNRGQVRLQEYSDYYIIWKKGSFLKKDGQIALLQQTKDTQMVVNVQGKNPEIVLFHIHEVFESLILEAYQGVKYDFTIPCPDCLKHSAKDPHMFLSSTIRRAIELKAPFLQCMAYFHTISVVDLQSIMPPTSNNDFDVHIQKAVSGLQDLRRNMKIELMAPGSGVQSLSWFPEESNQYSTDLMARALMDSTIFVVFISTSYANDRSCTDIFKYAKLTLGKPMVVIVVGEDNFSWRKTNLGLLLPDVSFVNMINSKKDNYNSKFQELLGKLDELMNLSVKAKDAESPECFISYCWKNSAQAVALGTRPSATSLGFGDPREIKSFLEKNSIGCWIDVERIGMNGLFDEIARGLLECKVVVACVSDDYVESPSCCKEFRYACTVLNLPLVICVVGTGHKWRRSEVAMLTMNSPVVSFQLESEEAFTKLLQLVEEALESSKQVKNEKTDTKEGTSDKERANQFKELYELAQRKFLRQIRNYASSQEVAPYPRLFVADIVPLEENPQSFDKSMSIEEKLDDKEENQIEKGEMEVMNSGYTSRRFCIHILCECDKGWHSVTEPMMLPEDFGREDLTKHAPYLSRITAIMKHSKNFILNCLTDEDGQNYMKWLFESAEAVLPDFMKEYHDLRYLVMEMDSQKLYGQLSRCRLSSGKVIWLCDEHAKEMKVTVLAKDAVSLQKKAASTEQPEFIAKWLREINAEKLAKKFNSAEKVKKNFNQELVDKAMLQASFAKEDTENYNSDIQQQIMADLKKGLAPSQVKGQEKRTVLRHGSAVKKQEVQKSEAAIQRHATTSLVSPPRSITSPPTSGQSTPKLKRPTSQACSVM
14,TIR_DC14_2,cragig_ecTIR-DC14_2,Crassostrea gigas,Pteriomorphia,MSVITYDREESVLRGQVPLLKFKEYLGTLKLDEVTDIDFSNNGYCTDSVIKVILDYKKDTILGNLKSVNLTGCKLVTDHGIRWLAQIIAGAPVISVNLNSCNKVTDDGLFFVNESLGNSTEKTSFPKISVQDTSVKYASSIKGKILAGHPVFPIVGDVVNHKTGNVLVVPHPSVKQSLGSCLSGGSGSTGEGPHHYPQVKFEDDWKLNVNEVSMNNPLFDVLARSNPPQVVLPFDASATPKEISAHIRDAITRISMRENGNPEMESHRRENNIASFDNAQCFMDKKVVSGHDFDIETGILQTKVSKSEKNELGFYFSRQPFSKSYPYFEIELIEYIGDLEKQTKNVEENSDDQVFIGCLHEQTFIMRNIKKETGLADGMTFPFKRIGDRYGFGIKGLWQSEYMPGEGCSFYSTINGVEASYDKMSSTEALTTRNYYPLVSIKSLHLAKVKILHYSPPPKEFLSVMKAEKRWISPCYLFNMAISRNGLMSTCAFSNRTEDSHYISESRVGTLDTPFTSCTFKVEDPGPQSKVVFGIGKQTHVFGNNKEYLAFICMDGGVKHGDTTVKLHEVNAKSSVPNDEITFKWYIEKQDESFEGTKEFKTEVYLNEKLYCEYEYPYTFVGGVPQEIILAKFVTGGVRKIRLMQHLPLYRAPGVFRDQITLGYLRRVIISDDGTMECGAQHGINTFGIFVAKTQFNTSLTYFEMEVIACPSRVTIGVAHYDKPPGFYLGMNQCEIGLHNTSELSQIAIGTKKDSRAYSVGDVVGCGVEGDYDDDGFLVPEQEITVYFTRNGDRIETTKLKYVSDGLYPSIMVEKPGCKVRVLNYYSETKADREAVLLAKEEAAKSVETNEEKIPFFGPQYTVVGVESGSSDAAGKIQILKSMVTVEDLASSKEVQQISEKKKELEEKFSNLTLEEQIYYSKLCVAEENIKKLQAHPERVNFITADTSSSKGMVELKNAIQNTFKALGSHQKLKYVVSKTIPYVAEKIGQCMQKAKLLPCLSSDEQELNLLKEVQKGMEGNLSGTMVHHMLDILHEQGALMTVRTGGSTLAIDIGYAGEMVTRLEKFSATETMSAGKMTSAIGQNSHVWTMKSLVSKIIKENEPSKISQILQFLEGYLGLIKVPVWRESEKDEQYLYSTTGNLSPPPVKLRDFWSKGEATKNFVVLQKTYSFVHGLPEHLISLVLAATSRYGRLIAMTSDGAVLQMGAVQTAIIQHTGIMDLIMTDVQPLLDKKVLSVESKCYMPDKKSDIMNELTESYVWDYTFRIMCLYTDFIDRIIRWQGLVPLITHNYPTGIVNVSFGCIHNWSPFSNVQQVQSVCTLCNRCCEKGDKCAWNGIMGNYFRECCCETKQTGCVDCGICITCAKEMWNLRSELRPMPLVYNKDKDIPPVGLNPVTFDEIEITIQNGLCPPICLKNDQSGSVILVAPGKPAALQGIEADKMKEKIEALIKETKTSIKVADKVKLRISDPLGAVNVHKGDMSQKSVQKFTYYTVQSREVTVFQEAGILCYNSFSPSMPVGQFIGPKPFSNVFRSFSFKILNEGKDKAITIGIAPSFYEANRQPGWNRYSFAYHADDGGIFLETGYSRFKKEVCGKGDIMGVEFDVDTRIVKFFKNGTEVYSHTINVNPRDGYYPMIGLHSPGECVKLLEVLPWMPDSADKEKAKKPVTFETKNLGNIMINPARSVSMTKYGTRGYYGSVIFYNPTSTKIGIKIPKPPMHDQALEKLDCATVGEVQYLTIILDPKDVFHLYTFAQEKENIRDVDIFWTALDKHKEYSPTDIINMEKFSDYKLLCEASVTSNVNNVTPLKECVPNETPEESMYKLQIFKSAELIGEYWLPVENYKLEIPYTTGSYTISAPKCPNYLYPGKLQRGMKLLISLDNDDKQLVEAVITEIYEGGGFCLEYTPDDAEENEVICYDAEMLGVKEEDYDPEKKILLYKSDSDMKFLTRTYISAPTYLISKGGGKILDKIDGDWKEDAFTTFASCFQDVKRFTVQEQHVTYHAHTLANWLTGYGSNGHVDDSFAFLPSQLNADMLLYPSVSNLFEDLAVHRLCFFVDLLLHFQPQKKVDLRIPIHFMDMPGIVPISSIPLDLSFCCNFQGWVYLALIGQKLLLPAYTNLFSGKQLSSAEMGELDRKRIENLLSQLLSTYASLCSIYAAQHGGLPNQQNPAFGAEKVVILIKNDDIAPVAYSEQTMKENHKLIRQGRKRSCKAHIHAIVKNELLPIEDVGISYDLFEPYSELVNAFEWDVPNLACIPSDFFTKFPNLQYFSLESGLLEQDRSCPSGASRLPALETVKLQNVNIKALPKDIFQIPELKTLDMTNLPLRSLDVDLPHSSKLKKLVIQGLQFTSVPKQICILKELEELYIDYNPIVTLPNEILQLTNLKILSVKGIPLITFEGNKESITKDQFFSWHEQHPMIINHISKEGVAKLFEEFDQNKNSALEIKELAQMNLKLFFTVPRFGIVGSNLKSGGIPPVIFQLKNLQELYLDNQGIQAVPADIENLSNLRVLSLTHCLMLQSIAAPLGLNPNLKKLNLLSCPSLRTPPLEVVGRGFESVKAYLKRLHGGFTECRRTKLMFVGLGEAGKTSLLQALMSSSKKTAGTQNAQLTDGIDIKTWTVKSEDGLDITFSAWDFAGQTVYYNTHQFFMSKRAVYMLLWNMRMGFEHAGLDFWLSSIACHAPDTPILVIGTQSDQVPKQEIPEKDLKSRYPQIQSFHYVSSLTGSKIPELQKELLSVTLSQSYMGEKIPQVWLNLEKQILAERTKQSILDYSVIEDFAMEHGIFDDKDVKQAIKFLDDLGTVQYFDNDFLRDKVVINPQWIVNVMACVVSVKQSPIQNHDGRFLHEHIKDVWKSYDESLHNWLLSLTEEFDLTFPLPGKPINIVPCLLPLEQPTELQWPAVDMEHGIRENKMLYKFAYLPAGLFNRAQVRLFNFSDGKIIWKNGSYLKKNKHLALIRQENDSELTVLVQGPRPENILLLVHEVFESLILESFHGVVYDYFVPCPDCISKEGTKDPCLFKAELIRRAKDLKAPFLQCTKYFHTVSMGQLLAMMPEDKDSDFDIHLQHSISALQSINNAMQYDVVVLYCSADIPSDSNPGIDPFKIREELKNWGFSVYMHDDLETAKLDELTLAVKNCKVVVCCVSDQFEQDEKCRDMFLYIKEQLFKKFAIAVIRESLQWKHSELGMKIGQPKMCMIRTPERFATKINDLKDIVEDHIAGLEMMKSDHPDIFISYCWQNSQEAVNNGTVARHGALGYGDPRKIKEFLEKKGLSCWLDIEQMGKYGLYQEIAIGLQNCKVIVACVSDEYVESDACMMELRFAVCNMNLPLVVVVVGTGDKWKRSEVSLLMRRSDKGANKVYMQKENPEGYEALHKFVIDVLPTYTDEILSEEKRKKDAKKKRKQDFSDKKATNEKHSYQEEYELIQRKFMRHVITMTQQLDLQLMPRLFVFDFVRSVNKPKGPEVQAPSVERPKTASKSILTRASNLNKDRVKAVLLADQQDDDEEWQSEDFCVRLLCEHEEGWHLVPKPLSLFTNTVEEVISTITEAAPFLARFYAILKQSSVKLRCLNGKMGESFMNFLDYQKSLEGKSTSNFLKAYTAVHKLVSSHIDNEQFIRQLDRCHLPSGKVAWLCEKHSKGNRITKLGVGSISVHGQGQTILNKEDELIKELLKSSPQAAALMGKPDREVSSLNMGRQPSLVRAEPDVPVVEEEKVKVEQNRNVKVNERKTSDTKKTSRTKGEEKPPTKQNGNVNAEVKSPSSSVPQSPTSSTTSTASTSMANVAGTARRLQRNYSKSGRQKSQACVLQ*
14,TIR_DC14_3,pervir_ecTIR-DC14_1,Perna viridis,Pteriomorphia,MEEAATVDKLEEDTLTFDLDDALVRGQIPLHVFKERLQKIDESKIKAITFAKNGYCNDALLKLMYTEKKKNYENLTSIDLVGCTMITNAGIKWLSELIVGATKLEVIGVEGNRNITDNELSLLLKNTSSGCRMVMTGTSVSFTYLPEGRNIEFNGCPLMTQMMAKDLSRHAHALVIPHDSVEHSLTEYVDSKKLAKRQSLNRKSIEVGDWIWNFTEMSLNHPLLDCILNSNQAQIVIPFGESAVLKEVIKHVTDIILRTVTKMAYSTNYLKNVDETNKEIPMDVDNFITVHHAPMQQLDGNVLGNFCYDSEILGCFISGTPLTRSNPYFEIELVESKIVDAKGNTTKLHSYDDDNDDSDEEGEVKSGVLIGCLFERLYSCKNPLEIDVEKGGEVSTFEFKTAKKFGFGIRGKWISEYIPSSSAKFFATQDGVENNKDLTGVSVPQELLLPLVACLGDKNNASKVRITNMVKPPQELVEKWMKEKKWITRAHTSNILMDVNGVISHDSSSKQGTFVSMESVEDEFSIKILERGNFGKIIIALSPEIEKDKDIQKSQSWIFQGVTGEVISTEQTKYLVDPSRVESGDVLTVKLENGPDESMKVVALCKNDQRIVETNYKPLRNVGRNVVKLHISIEDGGKVHLLNYRPKYKGPILFPESLTVGRLHSMQILDNGTLNQVDIVGKQREENLGACFIAKSPLNSKLLSFEVENLTVPEKDNTKNTVYVGLCDPDINQLLTTSRNPHGYFKISGGTALFSSDGRLFKETSQGEVKKENFVLMKGDKIKCEVDKVPSAQKLNFDEDGNILPQQDVLIKFYVNDALICDYTMTLKSEGLYPAVFMDEKMGPARTVMIHKFYAETQENKTKANLQKNVSLQKKKADDDAKKKETTCPEFEDCQYIVVEVGKTAGKLQLVEDQLKGDVFSSVLENLSKTIDHFEKNFSTMDLNDQIKYATLYDAKEKIQNLVKKPKRISYMSLDMTSNKGLDKLLEKMSDIMDCRKTHQETKFLLPKKSIENLNYVADLIAEQRIIEFGPGIKDFGNKTLKMNGNLFLQNAKLLHEQGRVVLIQLSARTVIADPHFLNQAMELLDKIASMEMSGKLSTAINESSHVWTEEAAWILFKDWDKKIPLLLDILQQYTGLIELPAWRTGPDDAQFIYTTLESLSAPPIPLRDFWSKGDRTKDFVVMQKTFSFIHSISDHILSALLSAATKYGRTLLLTPQGAVFQIGCVQTVIVTHQGLMDNTVISIESKCYLPDKKSGPVDELTEVYVKEYTWNVFCLYTDMLEKVLKQRNIIFMVSGDYPTDLVNISVGCKHCWKRIPGKANQSVCTMCNKCCDLGRKCKYNGIMGDNLRECPCKTSASGCEDCGICIDCAERLWSTRSFLRPLPITLAIGEVQKDDGTQPKKANSEEPNTNPFLDIPLDPIAYNEVEYQHLSGGRLGMTLLEVDDGSRVSVFPGKATNLSIDDTNKQSTLGDKIQKLSEQTSDEKYKHTVGNCVTIRISDPYRSITRPAENMNVIGIQESRVVYHACISREMTISHETGILCYNSASNSVPVAQLIGPKPFSENLKKMSIKIIDPGEKCTIGIGICPGKTYPANRMPGWNRWSIAYHADDGGIFIEAGFANSHVVKCQKGDVMSMFCDVTTRQLVFYKNDVQVKEIKINVPRGGYWPAIGMHSVGECVKLLEKDPWTQDPEHVPVKPQAFNTYKYGNLWISPARNVSLTKKGYTNTHCGWLILHNPTKFIIGYVITPNALLTNFVGSIGPNETVPLFLKKEASLKEDTVSINWISIEQVKEYTTEEISVLYEAASASSTYSHKLGLTIKTSGLGDIDALQQFNDNLVIDERKLRDGYKLEVFKNSVLVDSYLLKRGRYMLSMQHLDKQAKSYDCIIRRPKCPSFLYPSKLQKGMKVVVKLDDDKESGDQFADAVISEIYDGGGYCFEYTPPGKGAENEKICVGCLECGIEDADWEKIIKKGSKEDMKIRLLSSHSNTSLLDRTYIPAPPHLVTKGSAEAIEMIDPEWKKTTLFNFSMCGQSITRPTVQEQIVTTHSRNLLKWLTYRDSSLPWSVVLLPSQLDGSTLKYPVAKNMFSNVDIHRLCFFQDGYIDMTKMPMVFPSKIKSYPQVRSQYDDINIHSIAISDGIDEKTYPLKQPREICLHMMDLPGFRVQGLVPVDLSYGCLYQAWTYVALLTHKLLLPSYTKIFTGGLGDLDRRQIESLLFQLLQPYASLCSLYSAQYGGLSNQENPTYLSQKIQDLCGGQEQPIPVELLGKGMVSSNHTFVKFPPFLACKAHSHSRVDKNIIRIKDLSLESKFYQPYSEKLDILMVNGNQMKSLPSNLFEIFENLQVLTILDVNLSETPEFPSGIARCKDLEILILSGLPGVKKMATDILTAPALSTFYLHNCPIKTLDIEWPPSRTLTSLSLKGLLINEVPKEIGNLYELNELNLDYNPIITLPDELKKLKKLKYLSVKGIPWIAFEGQFDQMPKAAYQQFNAERPYIVNYLSAEEVDDLFHKFDVNNNNILDPSEVAHLNYEFLKRIPRLGVTKLDDTKFGGVPEVIFSLKSLEVLDLSFTGINCIPDIASELFTLQSLNLEHCPFLESVSGNVGLLPNLRSLHLNSCPVLDSPPPDIVGRGFDSVRAFLKKMAGGYTECHRTKLMFIGLGQAGKTTLLQALKSPLKKTPGTQDAKLTDGIEIKPWVVPVQDGYEITYSCWDFAGQTVYYNTHQFFLSKQAVYMLLWNMRMGFEHAGLDFWLSSIACHCPDTPVIVVGTQLDQIPMPDIPEKELMKKYPQIKKFCYVSSTHGTNIAELEQVLINVTMTYCSQMKLKIPKVWLNFEECILVERRRGQNILDWDVLKQYAITNGIYDEKDIRLAVQFLDDLGTVQYFDTEVLRDRVVINPQWIVDVMAKVVSVNEKSIKESKGRFFHKYISEIWKEYESNLHEWMLKLTERFDLTFPLPDSEDSCNVVPCLLPEEEPEDLPWPVIKDTEDIRESKIQYKFTYLPTGLFNRAQARLFSQGFTDTRLLEFLWKKGSILKKNNHYALVKQTSDYEMIVTVQGPRPKNILDLIHETISTLIKDSFQGVDYDFYIPCPDCVDKEGTKDPFLFKVDLISRAHSVNAPFLQCTKYFHTVSIGELLNIIPDNRETEFDQQIQESISSLQEIRDNMSNDVAILYSVEDIPPQGKEDEMVDPREIHKDLLTAGFKCWFPGDLEETPEAEIELAVKSSKVLVVCMSKNFSYSARCEKTCMHAITALYKPLAIAIIDETDDWKSTQLGLKIGNPKMAMIKNTQRYKKKIEDLVDIVTMHIEEVEKKHLDSHPPVFISYCWANSKIACSNTTVAKDGSLGFGDPRVLKKHLEKNDIRCWIDFEQMGKLGLYQDITVGLQNSRVIVLCVSDEYLESDACMMEARFAAYNLQMPLVVCVVGQGKAWKMSEVSLMVQKYKDLASVIKMQKESDDVYDRAMACVRSYLERPGTEKQQKIQEKLMKQRRKMEQQKKEELEKTIQSGGDTNFSFQEEIELIQRKVMRHISKITRIDDLENELPKLLVFDFVKKESSQKKPEKEEAVSQNNERPITAQSLRARTSSKLSSSLSRDKMKAVTLEELEDDWQGEDFCIRVLCEDEQGWHLVGEPLSLISRTSEEVYKALKDASPYLARIYAVLKQSAIQLNCLSSKKGESFLNYIRKEGIGTKNFSDAYKVIHKMVAESEDRDQFISLLNRCYLQSGKISWLCRDHQNKGGITQLQVGSSSVHGTSRTLIFEEDVLLKELLQASPLYAEQTKGRQGLQKEKTLVKSVSNLSREKLKEAKKDQKKEKKFESSKNEETLKKKKSDKSVTISEKTTKIPSTENSRPTSATNSTGSESITSNSSSARSLSRKKSQRKTTSQACSIQ
15,TIR_DC15_1,cragig_ecTIR-DC15_1,Crassostrea gigas,Pteriomorphia,MDGEYSLLGVILKGDNSAKDDGRCLGAIKLFNSQIREFTLEKFRDVMKKQLICFVENLQFCTKEGWGIRSGLENILKVGDILSEEKTIHVQWNQCEPKIAVRTASGVVIGFVFCGLQSKLRVLRSLITDQIYDEGRASMQEFHFVEQNGWPVSAKQENSLSVLDVCNGSHVTISTERVLLTQTRVSPETDNLPFNASTANKYQSTVTTISRKRHLSFRSSKDLERISPADSSVGDVTGSVKQILISYVRAEAAQHALRLKQELSALGFTVYLDVHEIRSGLDWQDSLNYAVSNCEFFVPLVTPKYGETQWTNREVKLADVLGKFIIPVNFLENWPPKCLAIQFATTQYIDWKTQTQINAELSEGSTTATDIKVWDQRHIRLVACKIKELLNKAREKAQLKKMSLVKRKTVVKSCTLVEENNEQASQCNRDGCPLVVICVHLNQRELGVEFAEFIRGMGYEVWCTNTGNSEHRLDCGGWGVEERETFQEKADDAGVIIAVLSPDFIHSRTCQQQLYYCEQRKKVVPLLMENVQIPSWLELMLHSNTYTCVDKGDYQDHLPTLLQKLLDPKARQSPNAELDEARISYAVKQLKKLLRSSLCIYICGPTVCDSINTNTIKALGQVLCKFDDVTMVTGGGYNTEYLVSHAFLQETQKSLKSNRVWHVLPERDRKDRTKDYPQNSDGTFQVISFGQTYFCGNSLEERDQIVSKALDICLLVIGDADLKSVKLAQKFSWNDHYVIPFVINKNVDSSFTWQLSQGISTEDCQALNDTENTVEARASVLRDVLIRVQDNLELEHREEASQEVEMSPPKKVPRESSSKCGGTSSKKTTLKI*